ID	TISSUE	MIN	MAX	VAR	ISPHOS	CLUSTER	LFC_0-1	LFC_1-2	LFC_2-3	LFC_3-4	LFC_4-5	LFC_5-6	LFC_6-7	LFC_7-8	LFC_8-9	LFC_9-10	LFC_10-11	LFC_11-12	LFCDIFF	UNIPROTID	NAME	SOURCETISSUE
AT4G34340.1	LF	-8.037696359523192	8.176172811224125	12.075621892544854	0	3	0.7595500601802394	0.5746974918198633	0.08356234222179579	-8.037696359523192	8.176172811224125	-0.15300657352285926	0.4451959471958256	-0.12203424079215083	0.038377590345302824	-0.5302163802243569	0.23002146890438793	-0.1736772383590129	16.213869170747316	Q9SYZ9	Transcription initiation factor TFIID subunit 8	LF
AT2G19430.1	LF	-2.332994918133523	2.4910758363156815	1.120434958551014	0	2	0.34212362274672264	0.45253603100708156	0.020303493230300878	-2.332994918133523	2.4910758363156815	-0.14419208659247978	0.383072716959194	-0.10798176403465211	0.04520650813202092	-0.419474224323653	0.20754977653240234	-0.10678971452286902	4.824070754449204	Q8L4M1	THO complex subunit 6	LF
AT3G48425.1	LF	-3.920331575845378	4.0392113033370025	2.9759622511388044	0	2	0.6780240398602485	0.46921062282834186	0.14197510686904338	-3.920331575845378	4.0392113033370025	-0.129054899497108	0.41991565935904035	-0.11713675692920411	0.015517618768359892	-0.4584243047310445	0.20737354065821273	-0.1247596491104746	7.959542879182381	Q5XF07	DNA-(apurinic or apyrimidinic site) lyase	LF
AT5G27120.1	LF	-0.17575133957825353	0.3098088565998917	0.028159614304778754	0	6	0.0004232886862377866	0.23304183731432046	-0.1667443630350358	-0.17575133957825353	0.2784565532115826	0.19085329553253705	0.128405169438311	0.2104316624406289	0.26425215316658757	0.3098088565998917	0.2639262535095715	0.17803269337999866	0.4855601961781453	O04658	Probable nucleolar protein 5-1	LF
AT5G08180.2	LF	-0.397202014310198	0.5265799799088948	0.08931052266433305	0	5	0.4204079326292823	0.08787640961005903	-0.397202014310198	-0.24321500287289113	0.5265799799088948	0.21289508873315857	0.03693705703010652	-0.018074548559014	0.2642610763191886	0.426660900290712	-0.11117103168181135	0.47847109263834214	0.9237819942190928	Q9LEY9	H/ACA ribonucleoprotein complex subunit 2-like protein	LF
AT5G38110.1	LF	-4.030191083309029	4.138612964106224	3.1285875654859683	0	3	0.6268512073652805	0.4918243558084859	0.11672620739068168	-4.030191083309029	4.138612964106224	-0.13628504323679147	0.4192814678259074	-0.09973273210508304	0.0420443417230569	-0.4828110804274855	0.2137439217716128	-0.14649913022315267	8.168804047415254	Q9LS09	Histone chaperone ASF1B	LF
AT1G72520.1	LF	-3.8191577735208995	4.028636688394248	2.8818966502200483	0	2	0.29914660139173077	0.5251679623266715	0.009555555980424593	-3.8191577735208995	4.028636688394248	-0.14849688475842995	0.4058196463415321	-0.11382730342463489	0.042670777432782095	-0.5474837666892748	0.2321481780966336	-0.12689909833702695	7.847794461915147	Q9FNX8	Lipoxygenase 4, chloroplastic	LF
AT3G23590.1	LF	-2.7189865284585357	2.826217085856467	1.4804645918787878	0	2	0.5489017279020459	0.4694425248310468	0.06727902608308584	-2.7189865284585357	2.826217085856467	-0.1162741623381766	0.400465594654903	-0.10480691404019807	0.0446948409087325	-0.45408061866389676	0.2197339926235998	-0.15737192429458913	5.545203614315003	Q9LUG9	Mediator of RNA polymerase II transcription subunit 33A	LF
AT1G68590.1	LF	-0.08346473222143215	0.3815461952915224	0.02677623571986667	0	6	0.10194223079302886	0.3815461952915224	0.05513935092046789	-0.023265604059744573	0.26260343715332757	0.3495515135700152	0.016337640908166695	0.20245915678083265	-0.08346473222143215	0.2936514567312367	-0.07628044055363244	0.07975268411380766	0.46501092751295453	Q9SX22	30S ribosomal protein 3-1, chloroplastic	LF
AT5G18650.1	LF	-3.3565942709068515	3.4610173938589357	2.207079766988323	0	2	0.5244631657292609	0.5301999940097135	0.12459848996603354	-3.3565942709068515	3.4610173938589357	-0.1563336457752993	0.43506743623755334	-0.13998448230022334	0.04277089331125026	-0.4922065484020508	0.20879840775762804	-0.1624470757885083	6.817611664765787	Q8VZK0	E3 ubiquitin-protein ligase MIEL1	LF
AT2G43110.1	LF	-2.9281650365179277	3.095721963555706	1.73635158321149	0	2	0.6084760780094588	0.49447449699238616	0.0016820904676409349	-2.9281650365179277	3.095721963555706	-0.10653794747376553	0.387054457816232	-0.11041647423203461	0.07172930672060804	-0.4472956145338878	0.2665365532299455	-0.08626329495738184	6.023887000073634	Q8GWB4	At2g43110	LF
AT3G23620.1	LF	-0.4628619078822873	0.6290996258505266	0.06711762149766687	0	6	0.06807204076459107	0.22453058647242854	-0.037512145081501046	-0.4628619078822873	0.6290996258505266	0.002177974611623444	0.20475700203592614	0.07630995799580505	0.27812446348032627	-0.0325294757950404	0.28107384573268424	0.04203467636261048	1.091961533732814	Q9LUG5	Ribosome production factor 2 homolog	LF
AT2G37470.1	LF	-1.5496035407132633	1.8130505390097313	0.5840069857080913	0	2	0.34740190024696427	0.5911227981003168	-0.19366788247562883	-1.5496035407132633	1.8130505390097313	-0.0806878837607699	0.30000790750001627	-0.15601501262172487	0.2106914851793601	-0.2924661501679941	0.3364735923728955	-0.041071451694404314	3.3626540797229945	Q9ZUS0	Histone H2B.4	LF
AT3G13940.1	LF	-1.1276700624467266	1.1919926738077695	0.27243459647509183	0	2	0.40951110198787044	0.24387921129599743	0.07620867809946627	-1.1276700624467266	1.1919926738077695	0.011315370156587356	0.23270421664831567	-0.03782295887581805	0.10771649741300815	-0.20634437577083056	0.2780448143764568	-0.0002661438351194368	2.319662736254496	Q9LVK6	DNA binding / DNA-directed RNA polymerase	LF
AT2G04630.1	LF	-8.037696359523192	8.176172811224125	12.075621892544854	0	3	0.7595500601802394	0.5746974918198633	0.08356234222179579	-8.037696359523192	8.176172811224125	-0.15300657352285926	0.4451959471958256	-0.12203424079215083	0.038377590345302824	-0.5302163802243569	0.23002146890438793	-0.1736772383590129	16.213869170747316	Q9SJ96	DNA-directed RNA polymerases II and V subunit 6B	LF
AT5G39800.1	LF	-3.050841740678444	3.13881205956644	1.8374264445731219	0	2	0.6500810773227816	0.44522364873409265	0.1154866354425813	-3.050841740678444	3.13881205956644	-0.12012419509372002	0.4136583479143037	-0.10688855247531337	0.09268435151011051	-0.4794906200472184	0.23599269427063724	-0.1894035702228198	6.1896538002448835	Q8GXS6	Mitochondrial ribosomal protein L27	LF
AT4G25500.4	LF	-1.5946961205865344	1.6974006729854403	0.5531507656006766	1	2	0.731408505259945	0.17646536217712322	0.1268267192279632	-1.5946961205865344	1.6974006729854403	-0.03221966691665076	0.3251264855120466	-0.007689131684387391	0.03380293876942245	-0.19998338125612689	0.20315793760344236	-0.1676949107050607	3.2920967935719747	P92965	Serine/arginine-rich splicing factor RS40	LF
AT2G26200.1	LF	-1.4182721271442889	1.6345871541014676	0.4589045428135106	0	2	0.36010012091482324	0.3652291387221038	-0.06789171890282124	-1.4182721271442889	1.6345871541014676	-0.06264128818736801	0.29412768591284166	-0.04288614971563795	0.05562961864333619	-0.2351969612128663	0.20749818468785552	-0.011560118505280874	3.0528592812457562	O64850	S-adenosyl-L-methionine-dependent methyltransferases superfamily protein	LF
AT2G40700.1	LF	-2.7296442014177837	2.815973862415056	1.469506785643815	0	2	0.5324002134663175	0.4194650301347377	0.12228699326042046	-2.7296442014177837	2.815973862415056	-0.11143157951228304	0.3781318298978814	-0.08539453088799698	0.017055090697632707	-0.415598605256906	0.22758868719763153	-0.11920750311999868	5.54561806383284	Q7XJN0	DEAD-box ATP-dependent RNA helicase 17	LF
AT4G07950.1	LF	-3.976570799765709	4.1321795274983675	3.084783225745677	0	3	0.6525055720198977	0.4729775225543858	0.09748708474697511	-3.976570799765709	4.1321795274983675	-0.13701983041798224	0.4244296235862589	-0.13397956331107091	0.05205687208965981	-0.4711198396418892	0.20361597163409045	-0.13658957146092424	8.108750327264076	Q9ZQC0	DNA-directed RNA polymerase subunit	LF
AT5G12230.1	LF	-3.7015621686923863	3.8280682305363185	2.6768522840467415	0	2	0.6240696744866534	0.5403235954774166	0.09213958825037306	-3.7015621686923863	3.8280682305363185	-0.13986292936975328	0.41659321635764124	-0.08752692264857179	0.014352596356540234	-0.48155624203096214	0.23194736354116427	-0.16569796138446102	7.529630399228704	Q9FMP0	Mediator of RNA polymerase II transcription subunit 19a	LF
AT5G20600.1	LF	-0.9836662888649147	1.0774495213017505	0.22142082718789577	0	2	0.2324025207669245	0.5569857215640068	-0.06614208044300113	-0.9836662888649147	1.0774495213017505	0.049812397045928304	0.2132490874358799	0.03329676423245594	0.16591295593525307	-0.05723722143478595	0.20823196096320987	0.09293176254551686	2.0611158101666653	Q8RY12	AT5g20600/F7C8_190	LF
AT4G37390.1	LF	-3.444281067363893	3.540406166559409	2.281009304313286	0	2	0.2648868983740913	0.4383981894408731	0.1256317113724162	-3.444281067363893	3.540406166559409	-0.14062923709232264	0.4079995413213162	-0.0876700286980838	-0.024203651629231847	-0.43836036536044237	0.21184629762849416	-0.1563022289421879	6.984687233923301	Q9SZT9	Indole-3-acetic acid-amido synthetase GH3.2	LF
AT3G24800.1	LF	-1.2265445374561565	1.325473087683243	0.34303109039119317	0	2	0.569613553402917	0.27744954396695887	0.24007943385552571	-1.2265445374561565	1.325473087683243	-0.041952515874322645	0.2767266456580669	-0.036313315984208054	0.006857662489497811	-0.25800761999472	0.1505746014886624	-0.07558125693069151	2.5520176251393996	Q8LBL5	E3 ubiquitin-protein ligase PRT1	LF
AT1G30820.1	LF	-1.9488382481609432	2.0863989001383896	0.801527947082366	0	2	0.4669278267054846	0.5357848688093212	-0.08873692072761187	-1.9488382481609432	2.0863989001383896	-0.09705812492095983	0.36934637043497087	-0.05328034988241937	0.016529742844353577	-0.24996135199772537	0.24923696458616457	-0.06303893669285224	4.035237148299332	F4I6G9	CTP synthase	LF
AT2G34520.1	LF	-4.49541954141363	4.606729113436276	3.8653327098703696	0	3	0.6807559504912355	0.5047035417676509	0.11164160317589734	-4.49541954141363	4.606729113436276	-0.12424845796550096	0.40837931841601566	-0.10104556589873574	0.01570668405537924	-0.4559348393371786	0.23099873762590017	-0.16432280722357354	9.102148654849906	Q9SMX4	At2g34520	LF
AT1G54270.1	LF	-0.3179149974656079	0.20310176981317427	0.029989075126121544	1	6	-0.21387323232411043	-0.08106418621445714	0.1989614925605364	0.20310176981317427	-0.3179149974656079	0.17244081321282625	-0.0506149312711484	0.164242624391471	0.07459548606973232	0.1061809690916027	-0.05960626909268022	0.16372566093683727	0.5210167672787822	P41377	Eukaryotic initiation factor 4A-2	LF
AT5G59180.1	LF	-3.124110864001083	3.242573619176993	1.96193406204575	0	2	0.8580305892166735	0.4885821175304323	0.044433581373554264	-3.124110864001083	3.242573619176993	-0.12858788286904063	0.40492771560819396	-0.09912287177504901	0.05324801976346389	-0.46063580726402914	0.23041684689347322	-0.15593451162256605	6.3666844831780764	P38421	DNA-directed RNA polymerase II subunit 7	LF
AT5G25080.1	LF	-1.9532704313033098	1.987710553507327	0.742279708220001	0	2	0.4306387277640887	0.24077505071173025	0.21485342251485381	-1.9532704313033098	1.987710553507327	-0.029098175598455425	0.31399880076084435	-0.05779391805035328	-0.057401688185143386	-0.2268214363848597	0.13964035566102703	-0.06961419850995232	3.9409809848106367	Q93VA9	AT5g25080/T11H3_90	LF
AT1G05900.2	LF	-3.669626582091419	3.8033852498556326	2.639672143871152	0	2	0.6819834363492753	0.5018885389796409	0.05841588067498996	-3.669626582091419	3.8033852498556326	-0.1247629009580924	0.4070194765521677	-0.11318130020561638	0.039459893135219734	-0.4751460217916115	0.20268175116488946	-0.17272191598647796	7.473011831947051	B9DFZ0	Endonuclease III homolog 2, chloroplastic	LF
AT5G54190.1	LF	-1.740164445389318	1.970641116378658	0.6855456826658491	0	2	0.1352198576948242	0.6118991605566875	-0.12177390215077559	-1.740164445389318	1.970641116378658	-0.1180697008384934	0.4208432391056838	-0.010053307873026072	0.08759429665601853	-0.21101492331879948	0.2540693168626739	0.3778766882863195	3.710805561767976	Q42536	Protochlorophyllide reductase A, chloroplastic	LF
AT3G05560.3	LF	-0.3278754566316227	0.40256795690644837	0.05133188241789286	0	6	-0.3278754566316227	0.021735074484404676	0.21455991850490091	0.2847454570907521	-0.11204562906996932	0.2738518346206173	-0.07422558494018763	0.18146125194875157	-0.0001497063385297869	0.40256795690644837	-0.10635303593234452	0.3688829395233009	0.7304434135380711	Q9M9W1	60S ribosomal protein L22-2	LF
AT3G10610.1	LF	-3.211781384114484	3.3494804038085846	2.053642729099538	0	2	0.58555880719334	0.5599617305152605	0.029670494145362998	-3.211781384114484	3.3494804038085846	-0.12998078694765405	0.3760174828982114	-0.0987086845453693	0.02040174645612552	-0.4937066477979221	0.22223404610144334	-0.16548643731535026	6.561261787923069	Q9SQZ1	40S ribosomal protein S17-3	LF
AT3G15460.1	LF	-4.700629450671621	4.814905468161644	4.2295418484447955	0	3	0.7382109462885268	0.5105750344693776	0.1237638745189502	-4.700629450671621	4.814905468161644	-0.1287720982197656	0.4374892940115728	-0.1224186411173701	0.049849966343499676	-0.5100501157074742	0.22326977383591415	-0.15894737477254836	9.515534918833264	Q9LE16	Ribosome biogenesis protein BRX1 homolog 1	LF
AT1G77750.1	LF	-2.868216511601713	3.0428814577527996	1.6617533041582526	0	2	0.5019940636504465	0.32594709052849374	-0.05560457653335409	-2.868216511601713	3.0428814577527996	-0.1065603480140404	0.4394610128282753	-0.14856107534057375	0.08750255137174888	-0.4101930332192439	0.26291596110284754	-0.16878419849196546	5.911097969354513	Q9CA19	Small ribosomal subunit protein S13, mitochondrial	LF
AT5G03940.1	LF	-0.23995428024482043	0.5368098795454672	0.05588512950626159	0	5	0.34657314598177946	-0.20460411097563547	0.5368098795454672	0.018791792342867392	-0.02576966448771038	0.30232367781439135	-0.10056671696135276	0.14199865051853416	-0.0108843124927845	0.23370701903117935	-0.23995428024482043	0.23924609764626542	0.7767641597902877	P37107	Signal recognition particle 54 kDa protein, chloroplastic	LF
AT4G38780.1	LF	-5.217536324108316	5.351099897413882	5.18768199896345	0	3	0.6739241447513045	0.6058650229571384	0.08416934600437104	-5.217536324108316	5.351099897413882	-0.1517247818318887	0.421262292913481	-0.10515718756375636	0.03928745986077259	-0.48943199356604683	0.20081997408229904	-0.14326055392721757	10.568636221522198	Q9T0I6	Pre-mRNA-processing-splicing factor 8B	LF
AT1G10230.1	LF	-8.037696359523192	8.176172811224125	12.075621892544854	0	3	0.7595500601802394	0.5746974918198633	0.08356234222179579	-8.037696359523192	8.176172811224125	-0.15300657352285926	0.4451959471958256	-0.12203424079215083	0.038377590345302824	-0.5302163802243569	0.23002146890438793	-0.1736772383590129	16.213869170747316	Q9SY65	SKP1-like protein 18	LF
AT4G15950.1	LF	-2.527642253905866	2.7057006918119284	1.3274346533362802	0	2	0.5669027225347747	0.5289679065504665	0.03689685549733715	-2.527642253905866	2.7057006918119284	-0.1128897926998817	0.35599742954014063	-0.08108502631660758	0.081197739630418	-0.4452565936885043	0.23964187945935586	-0.10242860923851983	5.233342945717794	Q6DBA5	DNA-directed RNA polymerases IV and V subunit 4	LF
AT3G28500.1	LF	-0.8971894825076917	1.0854989704407212	0.23898404257298386	0	2	-0.0009180421650400714	0.6331943653667784	-0.11012184335314003	-0.8971894825076917	1.0854989704407212	-0.07216424125712595	0.34745400286672024	0.0879704613385849	0.11978643509458137	0.3890221741924802	0.49438903375136506	0.4858367708903979	1.982688452948413	Q9LH85	60S acidic ribosomal protein P2-3	LF
AT1G72730.1	LF	-2.4051172492798285	2.6193802060679725	1.2397541490323285	1	2	0.6101346407476071	0.6251615433645734	-0.06598253234041296	-2.4051172492798285	2.6193802060679725	-0.08666553690539401	0.4003679545673852	-0.055059543652393655	0.032783512675911786	-0.3852089560516164	0.24614828620776094	-0.11123160723044856	5.024497455347801	Q9CAI7	Eukaryotic initiation factor 4A-3	LF
AT2G05220.2	LF	-0.28558334139899305	0.5601052934123099	0.07293153115119523	0	6	-0.057852184612260556	-0.23279536993966082	0.23457482085043396	0.22431332245817776	-0.11110357625856052	0.2948283965886537	-0.17131063895287796	0.07834804777918816	0.048764771073312944	0.4406291250526768	-0.28558334139899305	0.5601052934123099	0.8456886348113029	Q9SJ36	40S ribosomal protein S17-2	LF
AT5G61000.1	LF	-4.6856778569941575	4.801083607665965	4.198937605935689	0	3	0.6891775946161529	0.5113678175860032	0.11784079031281776	-4.6856778569941575	4.801083607665965	-0.13197341354557826	0.42950711372517053	-0.11411627191298282	0.0381632033861017	-0.5017818328289081	0.23606432325331794	-0.17576628790029844	9.486761464660123	Q9FME0	Replication protein A 70 kDa DNA-binding subunit D	LF
AT1G22450.1	LF	-0.6903488777545025	0.49460664809429267	0.1434687469640735	0	4	-0.6903488777545025	0.21137681392032098	0.09260685965146986	0.31552446246238247	-0.364676462013531	0.38221922005615594	-0.46199080412421484	0.03430368174519116	-0.11841159467801868	0.49460664809429267	-0.231219095024522	0.37828520484968	1.1849555258487952	Q9S7L9	Cytochrome c oxidase subunit 6b-1	LF
AT3G49180.1	LF	-2.177677929180319	2.325403267845425	0.9815287947992632	0	2	0.343771619969806	0.3886291960523324	0.057926644447864495	-2.177677929180319	2.325403267845425	-0.14271966947813147	0.4054163369837577	-0.1328635779010272	0.07326655923231085	-0.400214438912465	0.24613630422467186	-0.10436696034418161	4.503081197025744	Q9M3B4	Protein ROOT INITIATION DEFECTIVE 3	LF
AT4G25630.1	LF	-2.7331805338803408	2.9213434669090206	1.5321765582802813	0	2	0.6295751744118665	0.43279487712867665	0.0651320042853339	-2.7331805338803408	2.9213434669090206	-0.09657187162526261	0.4113254543675958	-0.07898548777734754	0.04196443725845601	-0.3436652932593124	0.37039189279019086	-0.10492388681960052	5.654524000789362	Q94AH9	Mediator of RNA polymerase II transcription subunit 36a	LF
AT5G63110.1	LF	-1.547660918388452	1.6425673776640992	0.5133512481442011	0	2	0.2764479485377094	0.3369721637039304	0.05026477762219261	-1.547660918388452	1.6425673776640992	-0.12479961791694869	0.3437705574968393	-0.12267329972961637	0.03585807337863565	-0.4014148553298634	0.20800964712055653	-0.17201542679116705	3.190228296052551	Q9FML2	Histone deacetylase 6	LF
AT4G10620.1	LF	-3.524228730640962	3.625234870924267	2.4125143656054484	0	2	0.5427720698571009	0.4831572380879426	0.08225549224675513	-3.524228730640962	3.625234870924267	-0.1367438788651649	0.4139091894223902	-0.13562532378581577	0.0588410522885664	-0.4861563065566537	0.2223623616495929	-0.15593039626706012	7.149463601565229	Q9ZSB8	F3H7.11 protein	LF
AT2G18020.1	LF	-0.7019928903613637	0.5513670824704462	0.13000657102670965	0	5	0.5513670824704462	-0.7019928903613637	0.4609302130291237	-0.2937130034595156	0.3913955693129748	0.016652756849072144	0.21581848232262166	-0.08484799136672445	-0.006743918328552638	0.19163456564173284	0.2890501175441751	-0.24217407777150307	1.2533599728318099	P46286	60S ribosomal protein L8-1	LF
AT5G19300.1	LF	-1.4707994438398386	1.5326147442477276	0.4479127491903613	0	2	0.4724551288906997	0.339905310069433	0.07446260543930329	-1.4707994438398386	1.5326147442477276	-0.04747706940989169	0.31357863492763693	-0.044279762448579126	0.09725881204182013	-0.1917376225599045	0.22084517975656406	-0.05030397411049565	3.003414188087566	Q6NLH7	At5g19300	LF
AT5G08610.1	LF	-0.05361724734726471	0.3411676440936364	0.01542800040831101	1	6	0.05455508350819274	-0.05361724734726471	0.12447665886689933	-0.052536783339245906	0.13594220168385307	0.20228771835028392	0.28032071950014764	0.1770275677178756	0.24700189303587589	0.25394395169212286	0.3411676440936364	0.1762600960332227	0.3947848914409011	Q9FNM7	DEAD-box ATP-dependent RNA helicase 26	LF
AT5G19920.1	LF	-5.431761886744413	5.563596734626122	5.6087985870684856	0	3	0.6954267107279479	0.5541910906622403	0.08607695211652303	-5.431761886744413	5.563596734626122	-0.14105432429738796	0.4285739852140564	-0.11676620861827455	0.03425973968104066	-0.5163184296779513	0.2246993629154626	-0.16782044289852693	10.995358621370535	Q8GX62	At5g19920	LF
AT2G47990.1	LF	-1.5879096070444603	1.8030173403773504	0.5690647131815064	0	2	0.4055722557123556	0.5191328859790733	-0.05253788294350464	-1.5879096070444603	1.8030173403773504	-0.1103265478933593	0.30281382030565507	-0.012057723456552982	0.0796087784059803	-0.22631521893031464	0.20394297313761423	0.03268286195976931	3.3909269474218107	O82266	Protein SLOW WALKER 1	LF
AT3G48210.1	LF	-3.709919673169103	3.8085098533727213	2.6530187275752377	0	2	0.538219906168375	0.46532738451652395	0.12227639730081216	-3.709919673169103	3.8085098533727213	-0.1382803869570825	0.4208431552468439	-0.09684689167927961	0.025486818075392045	-0.4620970978530054	0.22351683869707392	-0.13457134038209562	7.518429526541825	Q93VK9	Kinetochore protein SPC25 homolog	LF
AT5G59140.1	LF	-4.284253028584315	4.43344171277308	3.564831210757288	0	3	0.7282041894007385	0.52503754389262	0.10149749221287033	-4.284253028584315	4.43344171277308	-0.15485376134687617	0.42102980992583683	-0.11745758151923558	0.025690139735141247	-0.483855486418881	0.2064113807437565	-0.15417105342516502	8.717694741357395	Q9FIG0	BTB/POZ domain-containing protein	LF
AT2G01910.1	LF	-1.4856686135391883	1.5165043182049356	0.43806023855342374	0	2	0.2750835083708921	0.30675769639057104	0.26767394991617477	-1.4856686135391883	1.5165043182049356	-0.0237242291577357	0.2687437271153151	-0.021092404581609114	-0.02160572520884383	-0.23007463342652176	0.16286766144067677	-0.016380931963289536	3.002172931744124	Q9SIS3	65-kDa microtubule-associated protein 6	LF
AT3G53030.1	LF	-2.2179832789800837	2.356585949290919	1.0210831956200692	1	2	0.4696849411455372	0.4570139453103733	0.06872634786849129	-2.2179832789800837	2.356585949290919	-0.12454393433081004	0.36630043665408846	-0.10894392053770917	0.03836553474749071	-0.4171948701956614	0.21470151758979236	-0.13826239028604514	4.574569228271002	F4J982	Ser/arg-rich protein kinase 4	LF
AT5G17930.1	LF	-2.7936104723081177	2.9843526772758917	1.5941146362149525	0	2	0.4179050927608971	0.6262961935848335	-0.06527184723669799	-2.7936104723081177	2.9843526772758917	-0.10418200174670227	0.3763998608543069	-0.12319923680088563	0.1051800678314981	-0.39261363479214867	0.23200395733557813	0.001283390284936341	5.777963149584009	Q67Z79	MIF4G domain-containing protein / MA3 domain-containing protein	LF
AT3G10390.1	LF	-4.2180136101182235	4.345646588009879	3.4410975929482017	0	3	0.6488425134872905	0.5349332488904013	0.08357157479695149	-4.2180136101182235	4.345646588009879	-0.1568689150777156	0.4419717383124643	-0.11759374048910472	0.03677628654139053	-0.5034281141176246	0.2309418281254247	-0.1744071895207547	8.563660198128103	Q9CAE3	Protein FLOWERING LOCUS D	LF
AT5G47810.1	LF	-8.037696359523192	8.176172811224125	12.075621892544854	0	3	0.7595500601802394	0.5746974918198633	0.08356234222179579	-8.037696359523192	8.176172811224125	-0.15300657352285926	0.4451959471958256	-0.12203424079215083	0.038377590345302824	-0.5302163802243569	0.23002146890438793	-0.1736772383590129	16.213869170747316	Q9FIK0	ATP-dependent 6-phosphofructokinase 2	LF
AT5G04240.1	LF	-4.677963997740427	4.816764198095225	4.211563776532522	0	3	0.6927626905827236	0.5482216853551217	0.08417929953887257	-4.677963997740427	4.816764198095225	-0.15708186535989652	0.43982142213081904	-0.12162577606098723	0.028868779291752876	-0.5082282627260957	0.23143878111805782	-0.17370129584866129	9.494728195835652	Q6BDA0	Probable lysine-specific demethylase ELF6	LF
AT4G19600.1	LF	-6.263109301803759	6.407485018973061	7.417169396109946	0	3	0.7537246025286283	0.5666923031871679	0.0787695998825221	-6.263109301803759	6.407485018973061	-0.14970330448861396	0.43154646011907155	-0.11205223748687844	0.04438554186926495	-0.5126009135352607	0.21084750137347574	-0.15050744987231113	12.67059432077682	Q8GYM6	Cyclin-T1-4	LF
AT3G15355.1	LF	-2.212435174984954	2.3519846156999584	1.0177176414647304	0	2	0.4036024238869767	0.474523214603342	0.0032760414240880264	-2.212435174984954	2.3519846156999584	-0.1558634845550294	0.36076826874725343	-0.10258133328277151	0.06172211675234001	-0.4367313133119937	0.2350159578473837	-0.15166160979853244	4.564419790684912	Q9LUQ5	Probable ubiquitin-conjugating enzyme E2 25	LF
AT1G23280.1	LF	-4.738843632834758	4.850927534808578	4.273611675938638	0	3	0.6372442372500717	0.49689864061112277	0.12139683732510857	-4.738843632834758	4.850927534808578	-0.13822999081508486	0.4162898467449434	-0.09507405971385727	0.01062928494057001	-0.4545529255472873	0.2152012460261836	-0.13187235865838995	9.589771167643336	F4I4Q1	Protein MAK16 homolog	LF
AT1G47640.1	LF	-8.037696359523192	8.176172811224125	12.075621892544854	0	3	0.7595500601802394	0.5746974918198633	0.08356234222179579	-8.037696359523192	8.176172811224125	-0.15300657352285926	0.4451959471958256	-0.12203424079215083	0.038377590345302824	-0.5302163802243569	0.23002146890438793	-0.1736772383590129	16.213869170747316	Q9SX96	At1g47640/F16N3_6	LF
AT5G51940.1	LF	-3.236568424623365	3.366206842585008	2.0638402137756455	0	2	0.5377991310905135	0.5193581240883902	0.09385012592641157	-3.236568424623365	3.366206842585008	-0.126769269774952	0.3902706332863333	-0.11256118022390203	0.03198399143990405	-0.44401186364314577	0.2068061047879701	-0.10379556442710021	6.602775267208373	Q9FJ98	DNA-directed RNA polymerases II, IV and V subunit 6A	LF
AT1G17880.1	LF	-3.2613982612207413	3.382795705655905	2.0807419178030497	0	2	0.7359583890650725	0.24979903686563845	0.28347954389954483	-3.2613982612207413	3.382795705655905	-0.056325925134689876	0.4671933096645062	-0.09949048915413372	-0.10338531552441456	-0.09448960196380496	0.24606468394955788	-0.15546170637624032	6.644193966876646	Q9SMW7	Basic transcription factor 3	LF
AT5G14520.1	LF	-1.4654959001121903	1.6118922070437203	0.44092330282579506	0	2	0.3508940488394121	0.26366606197833387	0.1379941504220411	-1.4654959001121903	1.6118922070437203	0.02719288194001608	0.2063497716424697	0.04246765040591287	0.10090180024908206	0.020592119809409296	0.15141053233029209	0.2017921692538737	3.077388107155911	Q9LYK7	Pescadillo homolog	LF
AT4G13250.1	LF	-1.7436954981186055	1.8086722698174136	0.6293644240711062	0	2	-0.15017418395214635	0.20827669064242219	0.2620757206383294	-1.7436954981186055	1.8086722698174136	-0.19311113373259753	0.42060061732507636	-0.05228480254780634	-0.0559586604567553	-0.4099804880799961	0.24485065164565473	-0.175397609846993	3.552367767936019	Q93ZA0	Probable chlorophyll(ide) b reductase NYC1, chloroplastic	LF
AT2G42650.1	LF	-4.0255846174431715	4.1944067728047765	3.1806854810861567	0	3	0.6893585930276055	0.6154909941006589	0.01868944074451602	-4.0255846174431715	4.1944067728047765	-0.15473516987155045	0.44278141382203295	-0.08282453049055942	0.015930732299163513	-0.4614291462991129	0.2175008427268668	-0.08490699339337986	8.219991390247948	Q8S8D2	Ribosomal protein L1p/L10e family	LF
AT5G57280.1	LF	-2.8978615332908118	3.000595434877232	1.662335632208508	0	2	0.6500268717423352	0.4564439901502672	0.11373591473591364	-2.8978615332908118	3.000595434877232	-0.07115267417739632	0.35933274849695834	-0.04371285324838032	0.06234957627537146	-0.4311390270221525	0.2550596601927636	-0.08163304169241137	5.898456968168044	Q9LVD0	18S rRNA (guanine-N(7))-methyltransferase RID2	LF
AT1G29320.1	LF	-1.4788928360657068	1.6776358845434558	0.5027604964191453	0	2	0.30416926810516487	0.5970152882257918	-0.13363539860311602	-1.4788928360657068	1.6776358845434558	-0.09898291607227078	0.34922483501152246	-0.04610244728935122	0.13054840006159613	-0.15954494822005166	0.2382287390827829	0.08006289542027066	3.1565287206091623	Q0V856	At1g29320	LF
AT2G30260.1	LF	-1.6224353135291545	1.815698110876421	0.5895829132557728	0	2	0.022345347162449798	0.4949494666639772	-0.1790182049647564	-1.6224353135291545	1.815698110876421	-0.09003076055903578	0.359958810928586	-0.17553997458303594	0.22901076293149605	-0.2401638721026232	0.2633332812637349	0.04725444880804456	3.4381334244055752	O22922	U2 small nuclear ribonucleoprotein B''	LF
AT3G10400.1	LF	-8.037696359523192	8.176172811224125	12.075621892544854	0	3	0.7595500601802394	0.5746974918198633	0.08356234222179579	-8.037696359523192	8.176172811224125	-0.15300657352285926	0.4451959471958256	-0.12203424079215083	0.038377590345302824	-0.5302163802243569	0.23002146890438793	-0.1736772383590129	16.213869170747316	Q9CAE4	U11/U12 small nuclear ribonucleoprotein 31 kDa protein	LF
AT2G27470.1	LF	-2.4502108897024057	2.5939528366163263	1.228558176819652	0	2	0.6984139283687778	0.4147062988800174	0.1432252894449981	-2.4502108897024057	2.5939528366163263	-0.05574835385977043	0.35089727794153003	-0.052701387314753795	0.10529984208085923	-0.35231819113022045	0.20110654018858756	-0.03213542928994879	5.044163726318732	Q9ZQH2	Nuclear factor Y, subunit B11	LF
AT1G48050.1	LF	-0.7270078207772505	0.7350865316559094	0.13414525600914454	1	6	-0.3962961722580773	0.42681020355433497	0.02769753693662442	-0.7270078207772505	0.7350865316559094	-0.02956606580782432	0.217420126681538	0.012672000909803282	0.028881074692823687	-0.03716329908004134	-0.03391411485384977	0.16677788797288373	1.46209435243316	Q9FQ09	ATP-dependent DNA helicase 2 subunit KU80	LF
AT2G32590.1	LF	-2.3649556315770557	2.4847196848074065	1.1302425216421474	0	2	0.4201622588847508	0.5288586142707538	0.07604471777058107	-2.3649556315770557	2.4847196848074065	-0.15604031775533486	0.4250590462284127	-0.09042343708020086	0.11179575639704491	-0.28623924435119785	0.2368128621156126	-0.0005784964455594469	4.849675316384462	Q564K3	Condensin complex subunit 2	LF
AT3G49320.1	LF	-2.920548418726645	3.0409083476890943	1.694107239710476	0	2	0.5221478052056461	0.48848027806654853	0.0817856566023961	-2.920548418726645	3.0409083476890943	-0.10981605202657739	0.3729433983379553	-0.0841672482875843	0.01904689115496955	-0.4517400969330818	0.20797658026454077	-0.14633117431247902	5.96145676641574	Q9SG17	Metal-dependent protein hydrolase	LF
AT5G26742.2	LF	-0.3699692065548041	0.3562589868637902	0.03949941425000188	0	6	0.31101515604703345	-0.3699692065548041	0.3562589868637902	0.18794323853615635	-0.019836489853492713	0.18945028873423533	0.22563772974405116	0.10637171764656549	0.25773301136090504	0.21966753206622397	0.3500933076228447	0.11650467849188421	0.7262281934185943	Q8L7S8	DEAD-box ATP-dependent RNA helicase 3, chloroplastic	LF
AT1G54140.1	LF	-5.318348783690892	5.4576453861165515	5.398444121249113	0	3	0.6921560072208062	0.6098066927279338	0.052691418532148794	-5.318348783690892	5.4576453861165515	-0.1289162442101286	0.4361027065421081	-0.11187955340963553	0.0350444567935748	-0.5213284224449224	0.2780293002185842	-0.1755563535894177	10.775994169807444	Q9SYH2	Transcription initiation factor TFIID subunit 9	LF
AT2G31410.1	LF	-1.2573151480107785	1.4942239979267993	0.3836698791595455	0	2	0.29629712403096314	0.3132286412232373	-0.1680775028681565	-1.2573151480107785	1.4942239979267993	-0.12494715103491767	0.26404947835726283	0.011177218569678052	0.14648256527258358	-0.13276353444984762	0.34367349862616753	-0.1836820239488532	2.7515391459375778	Q9SIC8	Coiled-coil protein	LF
ATCG00640.1	LF	-1.2540057459610205	1.6103381022319139	0.497586224570731	0	2	1.1164943202082118	0.27014366704256326	-0.3323940841674569	-1.2540057459610205	1.6103381022319139	0.03813857418349492	0.24647551160453313	-0.09435936923565887	0.10837002275622044	-0.06012715369308824	0.23124270004829192	-0.08315435529835251	2.8643438481929344	P56796	50S ribosomal protein L33, chloroplastic	LF
AT4G31880.1	LF	-0.13693602917308578	0.1524898571092696	0.009016326961483552	1	6	-0.13693602917308578	0.1524898571092696	-0.10512613157054379	0.12934110481791267	-0.06479295754604357	0.06007906618626178	0.06372459903869139	0.08350843957062523	0.08002536570607366	0.13668098158145328	0.0592294998373001	0.07544393257129331	0.2894258862823554	Q8GUP3	Transcriptional regulator	LF
AT1G14620.1	LF	-2.382428563159583	2.48004608764229	1.1227273107356437	0	2	0.4548291241645736	0.2894055978410353	0.21591922883128925	-2.382428563159583	2.48004608764229	-0.12373602015193977	0.35424533889507864	-0.07426302565324204	0.0040853704978161196	-0.3205510265185491	0.121161888742957	-0.04251776671404858	4.8624746508018735	Q8L7U3	At1g14620/T5E21_15	LF
AT2G16390.1	LF	-3.131306142447791	3.1396375958421894	1.8732998452907523	0	2	0.48259494811013254	0.24570498971784477	0.24900457272980414	-3.131306142447791	3.1396375958421894	-0.19538722939092804	0.39565820705900445	-0.1315382072851601	0.07664126251801354	-0.5611325926648114	0.1942050219853854	-0.2092663348857213	6.27094373828998	Q9SIW2	Protein CHROMATIN REMODELING 35	LF
ATCG00760.1	LF	-1.2550174231331026	1.377876317713757	0.34355244594226075	0	2	0.36691920929076055	0.38966128695191754	-0.0820611479843054	-1.2550174231331026	1.377876317713757	0.06681128252053135	0.20955903285482755	-0.11434796801874719	0.0800323193752586	-0.07592306341441575	0.24688789185717447	0.0011129435483189845	2.6328937408468596	P62117	50S ribosomal protein L36, chloroplastic	LF
AT2G16960.1	LF	-3.012448733446256	3.1078826597614864	1.781980609124978	0	2	0.4728303068609606	0.4901934653331554	0.09345149473924785	-3.012448733446256	3.1078826597614864	-0.10900950952728516	0.3812226358966529	-0.1295289797789164	0.03270414752162866	-0.47347665410275536	0.20334594912284348	-0.15199081748875726	6.120331393207742	F4IMD5	ARM repeat superfamily protein	LF
AT3G52120.1	LF	-1.5252009030455822	1.6687166797304345	0.5047868796366868	0	2	0.3707237919699983	0.2850782405177196	-0.023438632502813722	-1.5252009030455822	1.6687166797304345	-0.09630684104558603	0.3172166061849907	-0.03655280249106614	0.0215120897651719	-0.2988339162009235	0.2426870544299042	-0.12613659060927887	3.1939175827760167	Q94C11	SURP and G-patch domain-containing protein 1-like protein	LF
AT3G11240.1	LF	-8.037696359523192	8.176172811224125	12.075621892544854	0	3	0.7595500601802394	0.5746974918198633	0.08356234222179579	-8.037696359523192	8.176172811224125	-0.15300657352285926	0.4451959471958256	-0.12203424079215083	0.038377590345302824	-0.5302163802243569	0.23002146890438793	-0.1736772383590129	16.213869170747316	Q9C776	Arginyl-tRNA--protein transferase 2	LF
AT3G49250.1	LF	-3.177340464998423	3.2928704720587483	1.9949505323921821	1	2	0.6572026215603424	0.4348603396322764	0.15299530537856035	-3.177340464998423	3.2928704720587483	-0.12067715038410025	0.40356482906199276	-0.11402203385493918	0.03005188013745101	-0.46352723530754003	0.2229391568474669	-0.143896708749671	6.470210937057171	Q94A79	Protein DEFECTIVE IN MERISTEM SILENCING 3	LF
AT1G08540.1	LF	-3.6496962192812568	3.777416757653635	2.608909657875354	0	2	0.7336666007731201	0.5120062849723861	0.04502054028634601	-3.6496962192812568	3.777416757653635	-0.13745496541102992	0.4176786160526913	-0.09717781416565079	0.053441574284038104	-0.45026454147046263	0.25771534078937225	-0.03549001450903868	7.427112976934891	O22056	RNA polymerase sigma factor sigB	LF
AT3G56910.1	LF	-0.3473887756964525	0.5691478117569533	0.09570313288519444	0	5	0.4752068699149024	0.17383268052827125	-0.26108673311226643	-0.3473887756964525	0.5691478117569533	0.21340647081633923	-0.012843126675624934	-0.11831333116907099	0.41557344454404277	-0.03665964203535307	0.4235649088078182	-0.1478732266003948	0.9165365874534057	Q9LER7	50S ribosomal protein 5, chloroplastic	LF
AT5G30510.1	LF	-0.513396470302635	0.818691155495892	0.12032147175863432	0	5	0.4560674072238539	-0.513396470302635	0.818691155495892	0.0758920813974416	0.018070667087129094	0.3844252909797919	-0.05941874773846296	0.09244793675223492	0.0866231877407186	0.25093884617797346	-0.26334781102933097	0.33363282223376206	1.332087625798527	Q93VC7	30S ribosomal protein S1, chloroplastic	LF
AT3G52590.1	LF	-0.9224185016114346	1.3445516544164349	0.4479103926389678	0	2	0.5829609148481611	0.5454308364847414	-0.4155788979255407	-0.9224185016114346	1.3445516544164349	-0.07987600632594333	0.11491760078994646	-0.1362461832999058	0.37948354255433264	-0.4095574877636562	0.8779433994469231	-0.6771358384042151	2.2669701560278694	B9DHA6	Ubiquitin-60S ribosomal protein L40-1	LF
AT2G34570.1	LF	-3.4758983683984903	3.639288116307731	2.4082312128161782	0	2	0.7503090303633664	0.5098482244078297	0.05644980803359345	-3.4758983683984903	3.639288116307731	-0.1661002387457042	0.43724848544534134	-0.09108398079077938	0.04636880687994316	-0.4563475589902158	0.22892694126873184	-0.09231326431492533	7.115186484706221	Q8L8C2	PIN domain-like family protein	LF
AT2G47420.1	LF	-3.134143454141165	3.3320309372989874	1.9853885665206645	0	2	0.4871804969571709	0.5737805200661616	-0.02447892906841059	-3.134143454141165	3.3320309372989874	-0.12024285848225619	0.3984759746784914	-0.10804419594117683	0.06162715577201291	-0.4383745947708992	0.22029149820469665	-0.14028277452291327	6.466174391440152	O22268	Ribosomal RNA small subunit methyltransferase	LF
AT3G12860.1	LF	-2.7542176585569185	3.0080411570545897	1.6020679328344998	0	2	0.3797007422013077	0.7752325431402666	-0.12426632158928362	-2.7542176585569185	3.0080411570545897	-0.1420944822168639	0.42542131759501617	-0.12532280768383955	0.10786962682538564	-0.33570308538868865	0.2602430535297753	-0.0018591284425295874	5.762258815611508	Q9LTV0	NOP56-like pre RNA processing ribonucleoprotein	LF
AT1G18340.1	LF	-3.1920985704320364	3.355744109475179	2.0651875186913617	0	2	0.8890894137628513	0.43380688192116507	0.011917209583269828	-3.1920985704320364	3.355744109475179	-0.12699724530477358	0.39606896075116876	-0.06906958609906502	0.014720877216862929	-0.42743311679466073	0.22864819947576584	-0.1637169778110237	6.547842679907216	Q8LF41	General transcription and DNA repair factor IIH subunit TFB4	LF
AT1G77940.1	LF	-0.3342637754285127	0.6939493795493784	0.093043294700181	0	6	0.21418594232314989	0.4579538634110362	-0.009474314134256222	-0.25091230315320007	0.6939493795493784	-0.10149201661644851	0.4056008768298149	0.08602528355070681	0.14286592036089374	0.027175282815728237	0.3961523007092747	-0.3342637754285127	1.028213154977891	Q8VZ19	60S ribosomal protein L30-2	LF
AT3G42660.1	LF	-1.5943839565424913	1.8470496785299013	0.5861126772523814	0	2	0.3683132320787692	0.5319059238891568	-0.04080923806889034	-1.5943839565424913	1.8470496785299013	-0.094026763277513	0.3826456244650698	-0.09268320631175359	0.18025702097896487	-0.1754196017712402	0.23923454334489927	0.04772125716198551	3.441433635072393	F4JF14	Transducin family protein / WD-40 repeat family protein	LF
AT5G37630.1	LF	-3.789859322784239	3.8866585439827284	2.7661457108196115	0	2	0.6189436451146906	0.4107766015099873	0.18165784802947313	-3.789859322784239	3.8866585439827284	-0.1219315689858692	0.41008701106208595	-0.09893388745489232	0.04356248340228215	-0.46958956255281126	0.23437080709321434	-0.1338208439658674	7.676517866766968	F4K790	ARM repeat superfamily protein	LF
AT4G26760.1	LF	-2.5350537338071355	2.767455758317019	1.360735221546256	1	2	0.3195667748176183	0.7167036217209737	-0.17465907993634944	-2.5350537338071355	2.767455758317019	-0.12223811934391293	0.44254638221205883	-0.11937190118893479	0.11516408558519499	-0.3261103431871616	0.20714006413022945	0.09451421910626243	5.3025094921241545	Q8LEG3	65-kDa microtubule-associated protein 2	LF
AT4G27010.2	LF	-1.5510846164123415	1.7356370667282102	0.8676772682945869	0	2	-0.36480031038044036	1.7356370667282102	-1.1566008761386926	-1.5510846164123415	1.1660129211118853	-0.10345468326764853	0.3818929089466673	0.3781261321445867	-0.4281978403765231	0.3068743889241456	0.4756526547764746	-0.7028744947143492	3.2867216831405517	F4JVU5	Ribosome 60S biogenesis amino-terminal protein	LF
AT3G55980.1	LF	-8.037696359523192	8.176172811224125	12.075621892544854	1	3	0.7595500601802394	0.5746974918198633	0.08356234222179579	-8.037696359523192	8.176172811224125	-0.15300657352285926	0.4451959471958256	-0.12203424079215083	0.038377590345302824	-0.5302163802243569	0.23002146890438793	-0.1736772383590129	16.213869170747316	Q93ZS9	Zinc finger CCCH domain-containing protein 47	LF
AT1G50900.1	LF	-0.5764925364270201	0.8293704170202818	0.2367375669073003	0	1	0.42180417683038623	-0.46387636540151245	0.8293704170202818	-0.4035565169055672	0.6155343959702562	0.21060281590692195	0.03336356508961439	-0.03125732982254889	-0.20686177517418142	0.6681045831051899	-0.5764925364270201	0.5927338870083874	1.405862953447302	Q8VY88	Protein LHCP TRANSLOCATION DEFECT	LF
ATCG00700.1	LF	-1.666609368138349	1.6883001532450883	0.576036731271499	0	2	0.6111922693900627	0.28419069932600943	0.20827897490602595	-1.666609368138349	1.6883001532450883	-0.1116835583532689	0.284066777514858	-0.003207426740158298	-0.04696864547518565	-0.4148762063475546	0.05161509883172819	-0.03248393989486474	3.354909521383437	P62113	Protein PsbN	LF
AT5G17660.1	LF	-3.830466551654196	3.915691563313674	2.8237499374510273	0	2	0.5982889587985551	0.5019782849888891	0.10915764972560707	-3.830466551654196	3.915691563313674	-0.13188076820728517	0.4140641521390823	-0.12055198070304775	0.04747345610198685	-0.4998294929655668	0.2281909409112728	-0.15380315818651666	7.74615811496787	Q8L8R4	At5g17660	LF
AT3G16780.1	LF	-0.15814073827381547	0.4286162101572399	0.037636177401388804	0	6	0.2887046219830873	-0.09381280544338345	-0.04927787768421439	-0.12210604178907324	0.4286162101572399	0.07150536401623404	0.21576343387797028	-0.033865672533111506	0.2025844400443893	0.04711814236928989	0.322858083341929	-0.15814073827381547	0.5867569484310553	Q9LUQ6	60S ribosomal protein L19-2	LF
AT5G30495.2	LF	-2.7553507479291817	2.845799611201467	1.4960639094675827	0	2	0.40632620785368007	0.47985034640269736	0.042219405148034635	-2.7553507479291817	2.845799611201467	-0.1655034246125623	0.4277432731476837	-0.13346174438036154	0.11253765782131009	-0.3984787211351213	0.23195396085254283	-0.06353022902761052	5.601150359130649	F4KCY1	Fcf2 pre-rRNA processing protein	LF
AT4G25340.1	LF	-0.1777661476535853	0.3846824305583409	0.028508989955805253	0	6	0.35175724536171943	0.20899469123701706	-0.11446118655672785	-0.1777661476535853	0.3846824305583409	0.112561857365027	0.11996691286621876	0.10816800053437754	0.28724221273698086	0.2059204433412548	0.2540582754380377	0.1273523416945383	0.5624485782119262	Q93ZG9	Peptidyl-prolyl cis-trans isomerase FKBP53	LF
AT3G18524.1	LF	-3.6798775801573784	3.8110566533476415	2.6435409588469003	0	2	0.6447602334954502	0.4813884622662387	0.09835418398879871	-3.6798775801573784	3.8110566533476415	-0.10026818371686079	0.3924352937869943	-0.09453905779557074	0.03683267597007755	-0.48037709968544595	0.2564859636636034	-0.12067471339969178	7.49093423350502	O24617	DNA mismatch repair protein MSH2	LF
AT1G72790.1	LF	-8.037696359523192	8.176172811224125	12.075621892544854	1	3	0.7595500601802394	0.5746974918198633	0.08356234222179579	-8.037696359523192	8.176172811224125	-0.15300657352285926	0.4451959471958256	-0.12203424079215083	0.038377590345302824	-0.5302163802243569	0.23002146890438793	-0.1736772383590129	16.213869170747316	Q9CAJ1	Hydroxyproline-rich glycoprotein family protein	LF
AT4G16630.1	LF	-0.6313971713596924	0.8925457298712017	0.1421481792769733	0	6	0.02361383743969857	0.42362582075409144	-0.34167240051083186	-0.6313971713596924	0.8925457298712017	0.005333362644579964	0.23265651630511297	-0.030491700000246962	0.22714447581221847	-0.05484919523007027	0.2067639073854122	0.13027210330734887	1.5239429012308943	Q9ZRZ8	DEAD-box ATP-dependent RNA helicase 28	LF
AT1G71850.1	LF	-3.3238160772965535	3.4693131801857837	2.1780646592211004	0	2	0.5022818525257421	0.5193770649187717	0.06392719887881985	-3.3238160772965535	3.4693131801857837	-0.1348132617722803	0.3808898696108249	-0.10666875932686445	0.0380557022340533	-0.4540018235882925	0.20140759827883567	-0.12233847732359693	6.793129257482337	Q9M9G1	F14O23.23 protein	LF
AT1G11475.1	LF	-8.037696359523192	8.176172811224125	12.075621892544854	0	3	0.7595500601802394	0.5746974918198633	0.08356234222179579	-8.037696359523192	8.176172811224125	-0.15300657352285926	0.4451959471958256	-0.12203424079215083	0.038377590345302824	-0.5302163802243569	0.23002146890438793	-0.1736772383590129	16.213869170747316	Q8LFJ6	DNA-directed RNA polymerases II, IV and V subunit 10	LF
AT1G66750.1	LF	-2.5595256308538614	2.6588679786215	1.299730239968873	0	2	0.25166829125267587	0.366922289512311	0.04449332639817657	-2.5595256308538614	2.6588679786215	-0.14526913710376524	0.4008939916882766	-0.14584337495264124	0.07367519217663356	-0.4749597648612144	0.20212830707682222	-0.15427570651325653	5.218393609475362	Q9C9M7	Cyclin-dependent kinase D-2	LF
AT2G19670.1	LF	-1.4633925126173146	1.5722841417427658	0.44521075391862014	0	2	0.34663485809395755	0.2789271579083784	0.13352900538707407	-1.4633925126173146	1.5722841417427658	-0.023712678464837184	0.3244092074979235	-0.008916213799441382	0.18112894470943364	-0.17389418333992201	0.2691305641033991	0.006654006914841438	3.0356766543600804	O82210	Probable protein arginine N-methyltransferase 1.2	LF
AT5G56670.1	LF	-3.0178895251670665	3.112648789697503	1.798787858481009	1	2	0.5832399041901651	0.4752840998487394	0.0665447184168667	-3.0178895251670665	3.112648789697503	-0.05045483168523234	0.35145674702350616	-0.1280972689459571	0.010456084547333887	-0.44357356727170416	0.3142164003850956	-0.25987531787665874	6.13053831486457	P49689	40S ribosomal protein S30	LF
ATCG00740.1	LF	-0.21411361047192815	0.3928053306175278	0.03673246776832036	0	6	0.13708668165337742	-0.03379318697563149	0.3928053306175278	-0.21411361047192815	0.34127079676752314	0.26255532513634755	0.15421477648600726	0.14984560912234238	0.13540649681605457	0.3071528491164944	-0.09086619233129697	0.3676554097416434	0.606918941089456	P56762	DNA-directed RNA polymerase subunit alpha	LF
AT5G37350.1	LF	-3.186618925545184	3.3372303703353667	2.025747054892651	0	2	0.6612594446178512	0.48278495235136226	-0.009774203060555008	-3.186618925545184	3.3372303703353667	-0.11576405280110955	0.40220533224787364	-0.08743378219052897	0.03372575772632242	-0.44328742963947254	0.22006631987923653	-0.1028032681323318	6.5238492958805505	Q9FHT0	Serine/threonine-protein kinase RIO1	LF
AT1G31710.1	LF	-5.848101154101669	5.987194708084289	6.4842272142735675	0	3	0.6959188713917573	0.5736007521457525	0.06758134470776221	-5.848101154101669	5.987194708084289	-0.15544940174033497	0.43832300992351864	-0.11906940413117355	0.0398666796006727	-0.5234805533541749	0.22197845805522212	-0.1685879489519892	11.835295862185959	F4IAX1	Amine oxidase	LF
AT5G54260.1	LF	-2.923032435204867	3.0269237612530753	1.6915895012927493	0	2	0.5487226299799617	0.4646712891923613	0.09343416678358116	-2.923032435204867	3.0269237612530753	-0.13192379209338043	0.39751097721110945	-0.09581428743188417	0.03141034177156535	-0.4431126363310279	0.228789047065959	-0.17032587467467458	5.949956196457942	Q9XGM2	Double-strand break repair protein MRE11	LF
AT4G09730.1	LF	-0.7790557738697039	0.7825444520866247	0.21421432885115896	0	5	0.44897254704002576	-0.6935260013995099	0.7825444520866247	-0.7790557738697039	0.6212097245470116	0.14426624761797305	0.2386626717048152	0.11090727479468329	0.2873062588448044	0.11540098127812337	0.3513396574019024	0.1341799538328371	1.5616002259563286	Q56X76	DEAD-box ATP-dependent RNA helicase 39	LF
AT3G23830.2	LF	-3.5889075669150836	3.8278363533337934	2.6107519783612014	0	2	0.5059800123606348	0.8459589649892993	-0.08179723560131812	-3.5889075669150836	3.8278363533337934	-0.1446153265672801	0.42175951873297807	-0.12770350320263776	0.09588409723288321	-0.3675912055266289	0.21406940861825208	-0.050051263962814556	7.4167439202488765	Q9LIS2	Glycine-rich RNA-binding protein 4, mitochondrial	LF
AT1G65430.1	LF	-1.9310352616339113	2.046070070780776	0.7910562207441717	0	2	0.49107765205614856	0.425393970389133	0.06850070576431537	-1.9310352616339113	2.046070070780776	-0.11491277607288469	0.3457720223667586	-0.09645145701852081	0.045654643507222405	-0.46653123014398806	0.23542997697226933	-0.11947996213295516	3.9771053324146877	Q8W468	Probable E3 ubiquitin-protein ligase ARI8	LF
AT2G24060.1	LF	-0.5491698498777601	0.5793877538035742	0.12408089759611163	0	6	-0.05125975021769728	-0.34266971133581237	0.5024333713511357	-0.5491698498777601	0.5793877538035742	0.20852985213298153	0.03939962621486676	-0.030010311707977223	-0.1561153673395759	0.4415650520092198	-0.21297829870812288	0.29742521521581766	1.1285576036813343	O82234	Translation initiation factor IF3-2, chloroplastic	LF
AT1G72090.1	LF	-1.8713552379947973	1.9435769705838604	0.7287968062011239	0	2	0.4981483889946694	0.3854399817330043	0.0852695902837196	-1.8713552379947973	1.9435769705838604	-0.09268816610795642	0.3226942153993899	-0.06190424736229742	0.08469443233165963	-0.4492961909329788	0.25606412590005695	-0.13875962952559878	3.8149322085786577	Q9C7H2	At1g72090/F28P5_4	LF
AT1G48920.1	LF	-0.181102491207161	0.3838258833370249	0.03225213344157067	1	6	0.15136620657799532	-0.07702155601940008	-0.181102491207161	0.2435439060183332	-0.14574994980138842	0.16978289498823693	0.06728460200806236	0.27032510826749295	0.3838258833370249	0.24940941294241067	0.27347738910758507	0.1657048223131108	0.5649283745441859	Q9FVQ1	Nucleolin 1	LF
AT4G02400.1	LF	-0.7765178446609352	0.9349843921980188	0.1603642557225211	0	2	0.2555690506468172	0.36337173692494207	-0.1403359375910359	-0.7765178446609352	0.9349843921980188	-0.0379743178817672	0.27003671735750384	-0.013195831523745209	0.27975078143986615	-0.07244927065764178	0.2639398861568154	0.07165878651813253	1.711502236858954	F4JHI1	U3 ribonucleoprotein (Utp) family protein	LF
AT3G60240.4	LF	-5.362320721148271	5.493982141827401	5.474834818855959	0	3	0.7425505787671758	0.5528875320975433	0.08940362966377288	-5.362320721148271	5.493982141827401	-0.13749843337434994	0.43107326281472896	-0.12196336446805178	0.028876185848109182	-0.508066875359658	0.22717745516167662	-0.15947990043885749	10.856302862975673	Q76E23	Eukaryotic translation initiation factor 4G	LF
AT2G19385.1	LF	-1.691245331249514	1.8865328112664936	0.6402716550472699	0	2	0.4863510653158884	0.24344660171327415	-0.05391358408453643	-1.691245331249514	1.8865328112664936	-0.1477063971985585	0.43511960620688306	-0.0538911926574548	0.046908513273381434	-0.27685632478442873	0.2853309692773117	-0.17671918719878302	3.5777781425160073	Q8S8S8	At2g19385	LF
AT3G03600.1	LF	-8.037696359523192	8.176172811224125	12.075621892544854	0	3	0.7595500601802394	0.5746974918198633	0.08356234222179579	-8.037696359523192	8.176172811224125	-0.15300657352285926	0.4451959471958256	-0.12203424079215083	0.038377590345302824	-0.5302163802243569	0.23002146890438793	-0.1736772383590129	16.213869170747316	Q9GCB9	Ribosomal protein S2, mitochondrial	LF
AT1G02150.1	LF	-0.07376362140666619	0.41096398753984764	0.028900293810092067	0	6	0.20625815481611387	-0.050269151880269904	0.09005706043186784	-0.07376362140666619	0.3190770661576636	0.22018969571842556	0.0486295857291058	0.1278977407307209	-0.001941770161236948	0.41096398753984764	-0.012575467958117927	0.39549820620479276	0.48472760894651384	Q8LPS6	Pentatricopeptide repeat-containing protein At1g02150	LF
AT5G43860.1	LF	-3.2460761782607355	3.232254618010983	2.002738803176013	0	2	0.6229539963386834	0.36794950172702867	0.206915059100942	-3.2460761782607355	3.232254618010983	-0.1284602681407135	0.4008418298765797	-0.18473436516069527	0.1051843001814451	-0.5059116168985565	0.22148615900122923	-0.15757498742887838	6.4783307962717185	Q9M7I7	Chlorophyllase-2, chloroplastic	LF
AT2G18220.1	LF	-1.4855989464509674	1.5543909697144656	0.45258655447452995	0	2	0.4700022801914711	0.2131050447868161	0.20121921576919424	-1.4855989464509674	1.5543909697144656	-0.04093999152036617	0.30138480529461426	-0.0035442874122193838	-0.022333606158928297	-0.19667568684754203	0.20560003718193712	0.037108958999755026	3.0399899161654327	Q9ZPV5	Nucleolar complex protein 2 homolog	LF
AT1G29965.1	LF	-0.3813520265723446	0.6835430188350406	0.07590842518500233	0	6	-0.09219248070763737	0.3395425814098367	-0.18678034344584898	-0.3813520265723446	0.6835430188350406	0.22474178746175932	0.025733749177840177	0.20831137242517198	-0.03829265950807919	0.23235940526390889	-0.0030434642509580122	0.17839967616505897	1.0648950454073853	Q8L7K0	60S ribosomal protein L18a-1	LF
AT3G44890.1	LF	-0.5981943442924258	0.669964344496119	0.1129589854537882	0	5	0.669964344496119	-0.5981943442924258	0.4824636283689825	0.17258991421046715	0.12375741059949255	0.3672451695124282	-0.11973452590724863	0.07175062435866403	0.01357562451777321	0.42866090145822333	-0.125581631917717	0.20754784071254925	1.2681586887885448	P25864	50S ribosomal protein L9, chloroplastic	LF
AT1G04630.1	LF	-2.1109883270319347	2.2081489145243642	0.8875511282743083	0	2	0.4526985024280504	0.25058009023945693	0.23505826540579333	-2.1109883270319347	2.2081489145243642	-0.0671762612029424	0.31624577870149184	-0.10001146918189538	-0.01627441341553092	-0.2406595394685015	0.025716088391648507	-0.0500894119145477	4.319137241556299	Q8RWA7	NADH dehydrogenase [ubiquinone] 1 alpha subcomplex subunit 13-A	LF
AT5G06360.1	LF	-2.169622781824936	2.22224944337166	0.9488807008838859	0	2	0.5043722188929495	0.336147611335323	0.15102667131811723	-2.169622781824936	2.22224944337166	-0.12433778486093387	0.4126233752262106	-0.10208564501118114	0.0851604072597063	-0.4476174811763711	0.28534716989487585	-0.09760901704921977	4.391872225196596	Q9FNH2	Ribosomal protein S8e family protein	LF
AT1G56170.2	LF	-1.794505556063255	2.0022098115331177	0.7135821854275405	0	2	0.4618160133493811	0.2862968208036586	-0.06504365102027712	-1.794505556063255	2.0022098115331177	-0.10575109236871769	0.28861566472688877	-0.16084694411324288	0.10757749855984307	-0.41695333524201234	0.21165585211702817	-0.10878420341402457	3.7967153675963727	Q8LCG7	Nuclear transcription factor Y subunit C-2	LF
AT4G01560.1	LF	-2.0514334313729576	2.2919127266400348	0.9165464430176796	0	2	0.26890871313288034	0.5485654124639099	-0.1489811392193892	-2.0514334313729576	2.2919127266400348	-0.11234041587921555	0.40753654871266043	-0.08075153723792805	0.04810749708920771	-0.2937919483414187	0.21691281814948138	-0.021219748509756914	4.343346158012992	Q9M125	AT4g01560/F11O4_6	LF
AT2G24090.1	LF	-0.4402799462808097	1.0024875487863802	0.14626564081376472	0	5	1.0024875487863802	0.05571042864669216	-0.4402799462808097	-0.15218622086419187	0.5551786503968559	0.21044281502448478	-0.11747499912815788	-0.10863375999127607	0.334529315221192	-0.04902900180615769	0.3056889887586894	-0.034719238317158126	1.4427674950671898	Q8VZ55	50S ribosomal protein L35, chloroplastic	LF
AT5G14600.1	LF	-1.833771020261681	1.9114606491962411	0.7011893932438442	0	2	0.5990017667842429	0.21651171556907395	0.2565390960647204	-1.833771020261681	1.9114606491962411	-0.0631015424886762	0.35889506039319646	-0.08190735895357974	0.1270950158703362	-0.35731411290049997	0.20995327259917476	-0.13762298749415935	3.7452316694579224	Q84K50	tRNA (adenine(58)-N(1))-methyltransferase	LF
AT2G36930.1	LF	-3.573543210994386	3.736280604176544	2.52697353221734	0	2	0.6274321699150954	0.613473375403847	-0.00631800254574054	-3.573543210994386	3.736280604176544	-0.10494808161319907	0.39509198246468197	-0.10193614287653567	0.05588278769991247	-0.4347293668614763	0.24857629876034246	-0.11873445771447678	7.30982381517093	Q9SJL4	Expressed protein	LF
AT1G33040.1	LF	-0.4090592983216951	0.68572203283676	0.09736410408286833	0	6	-0.22427141241900267	-0.3093116360796308	0.68572203283676	-0.4090592983216951	0.4275577731194496	0.28170104811303365	0.14301292768877916	0.24928141549090954	0.24172588473380804	0.22352561179338132	0.05651717329635761	0.15515516331284016	1.094781331158455	Q8LGC6	Nascent polypeptide-associated complex subunit alpha-like protein 5	LF
AT1G73655.1	LF	-3.9850148664278326	4.100903750903152	3.072645101080534	0	3	0.6082886524949965	0.5236322852499615	0.07987882276541662	-3.9850148664278326	4.100903750903152	-0.1306616260575384	0.4228903274362633	-0.11819419660695203	0.04730259964781809	-0.5125096584303133	0.23025242045043545	-0.15887610245687575	8.085918617330984	Q8LB65	Peptidyl-prolyl cis-trans isomerase FKBP17-3, chloroplastic	LF
AT4G14940.1	LF	-4.9009387382980005	5.030966474215559	4.602702134358899	0	3	0.7078771084492692	0.5684238956934358	0.07322786668324385	-4.9009387382980005	5.030966474215559	-0.15096843403759333	0.4501859964365203	-0.12618863456158252	0.03431192243318747	-0.5210917907068777	0.22686425429222448	-0.17083416452713154	9.93190521251356	O23349	Primary amine oxidase 1	LF
AT3G01160.1	LF	-0.8852303522047823	1.1180926813917345	0.22369978482473066	0	2	0.20545047506739061	0.46798496048467164	-0.25168572261949346	-0.8852303522047823	1.1180926813917345	-0.07126622220842203	0.316598017800968	-0.0903046403436697	0.24027022607866524	-0.03395436140150889	0.27232081258926	0.03139098245142451	2.0033230335965166	Q9MAC6	Pre-rRNA-processing ESF1-like protein	LF
AT4G39040.1	LF	-1.4833487989543905	1.7189088116740252	0.49149380259725944	0	2	0.43217426616049354	0.3910963934011371	0.06661348960684309	-1.4833487989543905	1.7189088116740252	-0.06533476289913934	0.3083333669070712	0.00943700082863345	0.0814874111514268	-0.0019100040548273138	0.2116980903251809	0.2545307342971459	3.2022576106284157	Q9SVI9	At4g39040	LF
AT1G80840.1	LF	-2.9283711524482925	3.0938252433877316	1.72785108323991	0	2	0.20197228811248477	0.49253112712428093	0.00867275734787418	-2.9283711524482925	3.0938252433877316	-0.1736054482103974	0.4800499768075732	-0.21406104519630675	0.06613502604687539	-0.5052657840102448	0.24549676262485687	0.012711088423353266	6.0221963958360245	Q9SAH7	Probable WRKY transcription factor 40	LF
AT1G55080.1	LF	-4.059805029452556	4.211376226681432	3.2115765812034907	0	3	0.6801460555857743	0.5460148838315779	0.05021315241839008	-4.059805029452556	4.211376226681432	-0.1269545069936243	0.3946600541735884	-0.1005859865194538	0.03980421221883226	-0.47884609512567033	0.2132284207789707	-0.12812039884454474	8.271181256133989	Q8RWA2	Mediator of RNA polymerase II transcription subunit 9	LF
AT5G22880.1	LF	-1.1184679830571045	1.081914377831472	0.2588038454771939	0	2	0.36026790252136065	-0.21744876869758462	0.40501869661352496	-1.1184679830571045	1.081914377831472	0.08491413546386994	0.1454698643463057	0.029228290278118484	-0.0798906246126296	0.241333462787566	0.2911366919050484	-0.1020250936574814	2.200382360888576	Q9FFC0	Histone H2B.10	LF
AT1G11240.1	LF	-2.7694098647595595	2.8014117250356163	1.4678927672853306	0	2	0.38790163837425967	0.40200720860884137	0.2270080173483592	-2.7694098647595595	2.8014117250356163	-0.08146802768236201	0.39589181592704864	-0.11462049185127071	0.102364442739859	-0.35971638289456953	0.2157635599116582	-0.08624292445132305	5.570821589795176	Q8W494	Ribosomal RNA-processing protein	LF
AT3G52220.1	LF	-2.790130501073087	2.968017492603483	1.5802768347972675	0	2	0.408391747014361	0.4675115620974496	-0.021768168968034424	-2.790130501073087	2.968017492603483	-0.13631853458840154	0.4177145654472288	-0.17572615698130117	0.09813976515851212	-0.422662464570823	0.23470257419539012	-0.10229946092714381	5.75814799367657	Q94JX8	At3g52220	LF
ATCG00790.1	LF	-0.4205624433677824	0.48404307657511536	0.08088476204763694	0	5	0.40647717515264525	-0.4205624433677824	0.48404307657511536	-0.11728586734486418	0.2721353145834711	0.36887486128586455	-0.09833655166134594	0.1313386007664774	0.06371356961012525	0.4440417646767545	-0.1717569217230324	0.14973021498255393	0.9046055199428977	P56793	50S ribosomal protein L16, chloroplastic	LF
AT1G11060.1	LF	-2.8986107414706592	2.99525039855536	1.6573991890846609	0	2	0.5305085244096899	0.47145429990115834	0.08642528148741585	-2.8986107414706592	2.99525039855536	-0.11653656915187836	0.38213733882094414	-0.08865883877434068	0.03733664526180107	-0.44753956183662197	0.20492912743542072	-0.14469766873029924	5.893861140026019	F4I7C7	WAPL (Wings apart-like protein regulation of heterochromatin) protein	LF
AT4G31560.1	LF	-8.037696359523192	8.176172811224125	12.075621892544854	0	3	0.7595500601802394	0.5746974918198633	0.08356234222179579	-8.037696359523192	8.176172811224125	-0.15300657352285926	0.4451959471958256	-0.12203424079215083	0.038377590345302824	-0.5302163802243569	0.23002146890438793	-0.1736772383590129	16.213869170747316	Q9SV14	AT4g31560	LF
AT2G38140.1	LF	-0.3180289086844968	0.7691887646024551	0.11630932161267832	0	5	0.7691887646024551	-0.05786279384377762	-0.2830994006126735	-0.12096295266514188	0.22003241373436547	0.3715369335146685	-0.12673531548767258	-0.10520170555258951	0.261338985949916	0.07012789608702603	0.5775248227408749	-0.3180289086844968	1.0872176732869518	O80439	30S ribosomal protein S31, chloroplastic	LF
AT1G52500.2	LF	-1.8048376773873938	2.01211485338297	0.7165427564491819	0	2	0.33152479843336097	0.38007368982663026	-0.17432043523215754	-1.8048376773873938	2.01211485338297	-0.10222784970991765	0.4030528105574064	-0.12052284279614665	0.12086465673667651	-0.33120863920574417	0.2466726205089144	0.03433783812737587	3.816952530770364	O80358	Formamidopyrimidine-DNA glycosylase	LF
AT1G80620.1	LF	-1.5004505257202703	1.7041224556095715	0.5088575618860027	0	2	0.36358253604003044	0.39138278321379116	-0.10900182134727529	-1.5004505257202703	1.7041224556095715	-0.08360631393145256	0.3212422055671482	-0.07747025351167831	0.10293386688889522	-0.21990922281176586	0.23963877824829383	-0.07433804624890017	3.204572981329842	Q9M8M9	S15/NS1, RNA-binding protein	LF
AT1G26370.1	LF	-4.8500817447096845	4.986523878235325	4.509948777982411	0	3	0.6595526954344584	0.6098941314255389	0.057485168618705784	-4.8500817447096845	4.986523878235325	-0.14799995723773565	0.44036496901090044	-0.08249111133463853	0.014741355928402597	-0.4909486008956061	0.24019539794506445	-0.15851498637200204	9.83660562294501	F4IE66	Pre-mRNA-splicing factor ATP-dependent RNA helicase DEAH10	LF
AT1G52300.1	LF	-0.2460856381531462	0.3623100426765583	0.039319759563107126	0	6	0.35151665908025065	0.05191833260531041	-0.17635777221969115	0.3623100426765583	-0.06712135288514587	-0.0030943446159679066	0.23914672961137248	0.1537142601772355	0.07466444078567001	0.20973192761693935	0.26891515375242864	-0.2460856381531462	0.6083956808297045	Q43292	60S ribosomal protein L37-2	LF
AT5G63610.1	LF	-1.0569731183124667	1.199789525958822	0.25589457564729007	0	2	0.4167024470887503	0.21408614121931188	0.26681342521656776	-1.0569731183124667	1.199789525958822	0.13028204799036427	0.34445524676877987	0.10485591899349057	0.12514851132654645	-0.12397514123377366	0.12854513040610274	-0.07828226561176907	2.256762644271289	Q84TI6	Cyclin-dependent kinase E-1	LF
AT1G49400.1	LF	-2.7374953391658554	2.8683205587970897	1.49007351873528	0	2	0.4105816960731729	0.38123992782622235	0.008535505939043845	-2.7374953391658554	2.8683205587970897	-0.12397850190428007	0.3699465802740124	-0.06558054527153867	0.019694892070064796	-0.3877591885810757	0.2804494118324633	-0.17332139900843527	5.605815897962945	Q9XIA6	Nucleic acid-binding, OB-fold-like protein	LF
AT1G52930.1	LF	-1.040630887217062	1.1830076571170631	0.2413102210078579	0	2	0.3002378965574777	0.3497526423466259	-0.016827204434251203	-1.040630887217062	1.1830076571170631	0.07904758842121747	0.2528959169646694	0.0012704156584417538	0.15452577773235726	0.015602857151268888	0.28797927020396197	0.06736717510173346	2.223638544334125	Q9C928	Ribosome biogenesis protein BRX1 homolog 2	LF
AT4G28360.1	LF	-2.239680691051083	2.380946684951545	1.0234505404186633	0	2	0.3382569356312582	0.5031568044441914	0.016596280754291686	-2.239680691051083	2.380946684951545	-0.06749242448572636	0.3514467931419467	-0.0788159824114459	0.061754217280204436	-0.2843709063372542	0.2640157996424415	-0.13708523609489817	4.620627376002628	Q8LDU0	At4g28360	LF
AT4G09800.1	LF	-0.3392279089872692	0.6984664681964312	0.10338008777403095	0	6	-0.24955141390850774	-0.3392279089872692	0.01206075703031767	0.2577112203476921	-0.10321235763622337	0.2226530553648435	-0.2430892743198669	0.268513834749068	-0.1269681127275724	0.6984664681964312	-0.30196594298740514	0.3511502537593971	1.0376943771837004	P34788	40S ribosomal protein S18	LF
AT5G06910.1	LF	-4.794522279087587	4.926410281572864	4.399491759078775	1	3	0.6764961832133802	0.512827393347327	0.11852124038802116	-4.794522279087587	4.926410281572864	-0.15063546882695159	0.4316017708899804	-0.11329954322589526	0.022958393586983247	-0.48635413269063965	0.2095874507025152	-0.14633573169169933	9.72093256066045	Q9FL54	Chaperone protein dnaJ 6	LF
AT5G40080.1	LF	-3.2305588796472695	3.383760469432958	2.083846167176904	0	2	0.5001118054759627	0.5708874504481539	0.04297862534151543	-3.2305588796472695	3.383760469432958	-0.17126761953173503	0.430325994629248	-0.12465326373800363	0.0732140956615289	-0.4487883914486626	0.2730269781778578	-0.2124146171710592	6.614319349080228	Q9LUJ9	At5g40080	LF
AT1G45332.1	LF	-4.033546951902964	4.158408833219286	3.1564497887561704	0	3	0.6629004508857761	0.5235696130798623	0.09340603860405218	-4.033546951902964	4.158408833219286	-0.13519386405146905	0.4243352172420802	-0.11939007296178089	0.046424890979762864	-0.507861109861832	0.21717696503457212	-0.17044559768553794	8.19195578512225	Q9C641	Elongation factor G-1, mitochondrial	LF
AT3G11250.1	LF	-1.0395591083385962	1.0410245555819773	0.2671494764877414	0	2	0.6668592693210829	-0.11856673964001588	0.43563555427615397	-1.0395591083385962	1.0410245555819773	0.0006439429338766364	0.2569928049977639	-0.07197690106517812	0.1876828850183355	-0.294238912715834	0.20165777607206423	-0.08779692956154642	2.0805836639205735	P57691	60S acidic ribosomal protein P0-3	LF
AT1G60950.1	LF	-1.52745981677214	1.704739778882262	0.6483697241476001	0	2	0.7235840684365891	-0.32841777892005236	0.6712154081652678	-1.52745981677214	1.704739778882262	-0.005549873862607975	0.4878380125519663	-0.38145205767335405	-0.16667163829699352	-0.1577940481500909	0.4341514899129039	-0.5102848065763319	3.232199595654402	P16972	Ferredoxin-2, chloroplastic	LF
AT4G34555.1	LF	-1.6378964298181318	1.8456460378827126	0.6380710367192914	0	2	0.518094508666691	0.06032078512586472	-0.22848205561200877	-1.6378964298181318	1.8456460378827126	-0.10727266690622553	0.29597902506781293	-0.2331625522242457	0.3354738547122001	-0.4108575647769222	0.4704232766459021	-0.08017129441928533	3.483542467700844	Q8GYL5	40S ribosomal protein S25-3	LF
AT2G37920.1	LF	-2.2822171749010227	2.478248358592992	1.0947137881350537	0	2	0.503997720737555	0.5071634701195596	-0.02813078631687686	-2.2822171749010227	2.478248358592992	-0.11330658460915738	0.3531193400667282	-0.010166025695038957	0.020317716421438044	-0.31737375110076554	0.2602476755473296	-0.09486767558431397	4.760465533494015	Q8LG21	Copper ion transmembrane transporter	LF
AT3G48190.1	LF	-8.037696359523192	8.176172811224125	12.075621892544854	1	3	0.7595500601802394	0.5746974918198633	0.08356234222179579	-8.037696359523192	8.176172811224125	-0.15300657352285926	0.4451959471958256	-0.12203424079215083	0.038377590345302824	-0.5302163802243569	0.23002146890438793	-0.1736772383590129	16.213869170747316	Q9M3G7	Serine/threonine-protein kinase ATM	LF
