ID	TISSUE	MIN	MAX	VAR	ISPHOS	CLUSTER	LFC_0-1	LFC_1-2	LFC_2-3	LFC_3-4	LFC_4-5	LFCDIFF	UNIPROTID	NAME	SOURCETISSUE
AT3G15190.1	FL	-1.5866877803522088	0.9132648108712793	0.8370909908701825	0	4	0.025038061046666237	0.2085701393320806	-1.5866877803522088	0.9132648108712793	-0.07523902239236678	2.4999525912234883	Q9ASV6	30S ribosomal protein S20, chloroplastic	FL
AT5G62190.1	FL	-0.5216955292107748	0.27526773406691324	0.11495324519059874	1	5	-0.5216955292107748	0.1595776277974887	-0.11191191607356807	-0.3732676471791806	0.27526773406691324	0.796963263277688	Q39189	DEAD-box ATP-dependent RNA helicase 7	FL
AT4G14780.1	FL	-0.5316156682142643	0.9669097443129528	0.3578288564468711	0	1	0.2021143514856317	0.9669097443129528	0.10153484486281844	-0.5316156682142643	-0.42675366219960376	1.4985254125272172	O23334	Kinase like protein	FL
AT1G22760.1	FL	-0.8214363160198439	2.480099412783441	1.7904005400802132	0	1	0.025848856768347778	0.9145282582989024	2.480099412783441	-0.8214363160198439	-0.568678419437803	3.3015357288032847	O64380	Polyadenylate-binding protein 3	FL
AT1G69870.1	FL	-0.018854959972706215	0.5416928689727418	0.044201466347954896	1	6	0.09357474643958452	0.23920807018282597	0.20494945019780808	0.5416928689727418	-0.018854959972706215	0.5605478289454481	Q8RX77	Protein NRT1/ PTR FAMILY 2.13	FL
AT1G75100.1	FL	-0.23006498883114712	0.5876980215970268	0.11123865366875402	1	5	0.11560500182333476	0.5876980215970268	-0.23006498883114712	-0.11826030440071264	-0.1632179460657429	0.8177630104281739	Q9C9Q4	J domain-containing protein required for chloroplast accumulation response 1	FL
AT2G32670.1	FL	-0.3214289787983541	1.1518612895559663	0.45440659035925823	0	6	-0.20950513849390012	0.3465301769940015	1.1518612895559663	0.9981242188064776	-0.3214289787983541	1.4732902683543205	O48850	Vesicle-associated membrane protein 725	FL
AT4G04780.1	FL	-2.436823136845497	1.481497719519338	2.1127440660201358	0	4	-0.590183826015424	-0.442519947906574	-2.436823136845497	1.481497719519338	0.4789268280401333	3.918320856364835	C0LU16	Mediator of RNA polymerase II transcription subunit 21	FL
AT3G21720.1	FL	-3.378143068149253	1.6143303936493738	4.368749105722632	0	3	1.2171398431082792	1.6143303936493738	-0.03578674365983123	-3.378143068149253	1.4587494330751842	4.992473461798626	P28297	Isocitrate lyase	FL
AT5G52440.1	FL	-1.4474572024374843	0.9506130324599223	0.7952225025567754	0	4	0.39820435771109153	0.13973832839491843	-1.4474572024374843	0.9506130324599223	-0.06406648459776873	2.3980702348974066	Q9XH75	Sec-independent protein translocase protein TATB, chloroplastic	FL
AT1G20510.1	FL	-0.25868795198088707	0.2589121470633266	0.054194521884564306	0	6	-0.1462628599819167	-0.25868795198088707	0.2520190007542079	0.2589121470633266	-0.003602426045057261	0.5176000990442137	Q84P21	4-coumarate--CoA ligase-like 5	FL
AT5G11150.1	FL	-0.3304644293311505	0.2847041647784579	0.05997493985381628	0	6	0.23152146254585879	0.2847041647784579	0.1084245597045464	-0.3304644293311505	-0.012439032905560104	0.6151685941096083	Q9LFP1	Vesicle-associated membrane protein 713	FL
AT5G20980.2	FL	-0.22377920795582798	0.6396608238659229	0.1229394989114232	0	6	0.04883273936900929	0.2511031265249715	0.6396608238659229	-0.22377920795582798	-0.16596616817474258	0.8634400318217509	Q0WNZ5	5-methyltetrahydropteroyltriglutamate--homocysteine methyltransferase 3, chloroplastic	FL
AT3G60600.1	FL	-0.21767295296380507	0.11500170782819968	0.01917512391962098	1	6	0.11500170782819968	-0.053612886093992534	-0.21767295296380507	0.09605152169239671	-0.09332327760988593	0.33267466079200475	Q8VZ95	Vesicle-associated protein 1-1	FL
AT5G65110.1	FL	-0.032596503665059715	0.6663878248993699	0.09759354823978222	0	6	0.09637260958504124	0.0992527206281965	0.6663878248993699	0.5575025969725431	-0.032596503665059715	0.6989843285644296	O65201	Acyl-coenzyme A oxidase 2, peroxisomal	FL
AT5G11110.1	FL	0.013045801316045753	0.3560997790795915	0.019537139067299106	1	6	0.23934744977716335	0.08415167165806722	0.3560997790795915	0.2649610655897241	0.013045801316045753	0.34305397776354574	Q9FY54	Probable sucrose-phosphate synthase 2	FL
AT4G04360.1	FL	-0.43794543225517485	3.355586965539429	2.2556790370442052	0	6	0.3961516521017424	0.332847863767057	3.355586965539429	0.02584851118766706	-0.43794543225517485	3.793532397794604	F4JGC5	Transmembrane protein, putative (DUF1068)	FL
AT5G64460.8	FL	-0.26983845716984795	0.2191523258621659	0.04224732995776931	0	6	0.2191523258621659	-0.02111327010714831	0.1421121246738686	-0.26983845716984795	0.20712741103465318	0.4889907830320138	Q9FGF0	Phosphoglycerate mutase-like protein 1	FL
AT5G42320.1	FL	-0.3710837890626786	0.4412035734522814	0.10156413011614074	0	6	0.2051119104259719	-0.1747970766094713	0.09393464052455668	0.4412035734522814	-0.3710837890626786	0.81228736251496	F4K1I4	Zn-dependent exopeptidases superfamily protein	FL
AT1G73670.1	FL	-0.22477319482524344	0.34123176844848496	0.06092717008192004	1	6	-0.1798514334327019	0.22578887178094553	0.34123176844848496	0.044557358933740396	-0.22477319482524344	0.5660049632737284	Q9C9U4	Mitogen-activated protein kinase 15	FL
AT4G29010.1	FL	0.08529014837714192	0.644133567509001	0.04988840034971673	0	6	0.13823722461870103	0.18382043628632888	0.644133567509001	0.29594086665902236	0.08529014837714192	0.5588434191318591	Q9ZPI6	Peroxisomal fatty acid beta-oxidation multifunctional protein AIM1	FL
AT5G19610.1	FL	-9.70219000452979	8.22568946001544	43.690820400893635	0	5	-9.70219000452979	8.22568946001544	3.64509906604842	0.5856685683114646	-0.5541950481946114	17.927879464545228	F4K2K3	ARF guanine-nucleotide exchange factor GNL2	FL
AT1G09770.1	FL	-0.6112702032096593	0.1313430369152601	0.07768479179730035	1	4	-0.1161682935989315	-0.05457272297541902	-0.6112702032096593	0.1313430369152601	-0.05539444302962661	0.7426132401249194	P92948	Cell division cycle 5-like protein	FL
AT1G52190.1	FL	-0.2235147996491938	1.1420163444061469	0.3041574728368452	1	6	0.2628675334675341	0.13302109525597736	0.8379858099402723	1.1420163444061469	-0.2235147996491938	1.3655311440553406	Q9M817	Protein NRT1/ PTR FAMILY 1.2	FL
AT1G04640.2	FL	-0.26598618443972716	0.29279121327778634	0.051971939434054995	0	6	0.05833620467409415	0.29279121327778634	0.24012174551382623	-0.26598618443972716	-0.06359737053835354	0.5587773977175134	Q9SXP7	Octanoyltransferase LIP2, mitochondrial	FL
AT5G17440.1	FL	-1.2023367589538179	0.4173370975658025	0.41960252668689224	0	4	0.15391931070945367	0.07883619884382477	-1.2023367589538179	0.4173370975658025	0.22416001361557558	1.6196738565196203	Q940U9	AT5g17440/K3M16_10	FL
ATCG01010.1	FL	-0.7619334557107655	0.8118947666441763	0.4276580567698926	0	1	0.7818457337819592	0.8118947666441763	0.16681052447191896	-0.7619334557107655	-0.06877394326071673	1.5738282223549418	P56752	NAD(P)H-quinone oxidoreductase subunit 5, chloroplastic	FL
AT1G78050.1	FL	-1.1209012293429574	0.6439115583604713	0.42626370229765254	0	4	0.2241024205075816	-0.1084856167065306	-1.1209012293429574	0.6439115583604713	-0.16674439178653366	1.7648127877034288	F4I8M8	Phosphoglycerate/bisphosphoglycerate mutase	FL
AT3G06050.1	FL	-0.1517988529056691	0.4621450812266891	0.05785475018928411	0	6	0.12199508321133062	0.2087940334622902	0.4621450812266891	-0.1517988529056691	-0.06074760049958337	0.6139439341323583	Q9M7T0	Peroxiredoxin-2F, mitochondrial	FL
AT1G19150.1	FL	-0.20778527554214118	0.6861597826571537	0.15488529838558787	0	5	-0.15703670369661116	0.30831348969062494	-0.16844887854092735	-0.20778527554214118	0.6861597826571537	0.8939450581992949	Q8LCQ4	Photosystem I chlorophyll a/b-binding protein 6, chloroplastic	FL
AT5G27000.1	FL	-0.3285138858701444	0.9681702984917548	0.33780507355977557	1	6	-0.10919296208444185	-0.27755570793693957	0.6028743920250761	0.9681702984917548	-0.3285138858701444	1.2966841843618993	O81635	Kinesin-like protein KIN-14G	FL
AT2G22230.1	FL	-0.4739989617356389	0.3237274086506824	0.11072809771470099	0	6	0.3237274086506824	0.3093624728587306	0.1695106102691086	-0.4739989617356389	-0.0592431056712449	0.7977263703863213	Q9SIE3	At2g22230/T26C19.11	FL
AT2G17370.1	FL	-1.5134551010353	0.6694850579115426	0.7432917546572803	0	1	0.4857701909429838	0.6694850579115426	-0.007808367096155274	-1.5134551010353	0.10808278976949762	2.1829401589468427	P43256	3-hydroxy-3-methylglutaryl-coenzyme A reductase 2	FL
AT5G64270.1	FL	-0.48850662078307605	0.0389329778124015	0.044590833213765925	1	4	-0.050452674395706776	-0.05383466211897822	-0.48850662078307605	0.0389329778124015	-0.02974720074572475	0.5274395985954775	Q9FMF9	Nuclear protein-like	FL
AT3G60100.1	FL	-0.15756633157387387	0.918486003337797	0.1700614992112715	0	6	0.33040105630602135	0.46631440831311716	0.918486003337797	0.05076234459871985	-0.15756633157387387	1.0760523349116708	Q9M1D3	Citrate synthase 5, mitochondrial	FL
AT1G48470.1	FL	-0.3945245103831502	2.3097314285081465	1.1750254935357896	0	6	0.2037872142726959	0.20017654634782237	2.3097314285081465	-0.18883548642299472	-0.3945245103831502	2.7042559388912966	Q8GXW5	Glutamine synthetase cytosolic isozyme 1-5	FL
AT1G48300.1	FL	-0.20569616992925976	0.32486759209730987	0.06473961473984499	0	6	0.1691539554552682	0.318641744599018	0.32486759209730987	-0.15046932541621091	-0.20569616992925976	0.5305637620265696	Q9C5W0	Diacylglycerol O-acyltransferase 3	FL
AT1G78630.1	FL	-0.6364739942544699	0.36921139789148544	0.17738658602616694	0	4	0.27325678099970285	0.36921139789148544	-0.6364739942544699	0.1570177512136892	-0.26634944735784694	1.0056853921459554	Q9SYL9	50S ribosomal protein L13, chloroplastic	FL
AT3G25480.1	FL	-0.6456485298251899	0.45802364890649466	0.18583385999127486	0	1	-0.0038500585042353206	0.45802364890649466	-0.30575565832426516	-0.6456485298251899	0.2016447516670047	1.1036721787316846	Q56XR7	Rhodanese-like domain-containing protein 4A, chloroplastic	FL
AT5G47860.1	FL	-0.6327114230243223	0.5597375505793247	0.23287292828290512	0	1	0.33008099203054125	0.5597375505793247	0.29722266564384997	-0.6327114230243223	0.4874868855945081	1.192448973603647	Q9FIJ5	AT5g47860/MCA23_20	FL
AT3G16180.1	FL	-0.1449355012832183	0.45016958959822573	0.05909441506762744	0	6	-0.02447481747714282	0.29230575510061313	0.2480154281534504	0.45016958959822573	-0.1449355012832183	0.595105090881444	Q8LPL2	Protein NRT1/ PTR FAMILY 1.1	FL
AT1G03310.2	FL	-0.5938315217624424	0.2891706600214893	0.14489731209816317	0	1	0.2565460251465363	-0.12496177820959953	0.2891706600214893	-0.5938315217624424	0.25124585260789123	0.8830021817839316	Q8L735	Isoamylase 2, chloroplastic	FL
AT5G51070.1	FL	0.102203453164739	0.7581500230356178	0.0599228502547202	0	6	0.29030671387194334	0.32489966141865323	0.7581500230356178	0.26320269734907664	0.102203453164739	0.6559465698708788	P42762	Chaperone protein ClpD, chloroplastic	FL
AT4G23920.1	FL	-0.791786513833314	0.523841458715103	0.27869126204220174	0	1	0.2815554584236538	0.523841458715103	-0.3896033544095292	-0.791786513833314	0.05477892653526583	1.315627972548417	Q9T0A7	UDP-glucose 4-epimerase 2	FL
AT5G16830.1	FL	-0.5756225515498343	0.5389121358955378	0.19826938323921844	0	4	0.10249780523310734	0.27695996512334065	-0.5756225515498343	0.5389121358955378	-0.29092011130472006	1.114534687445372	Q39233	Syntaxin-21	FL
AT2G23390.1	FL	-0.5450319345666559	0.6333972571129352	0.19926859091104665	0	4	0.6333972571129352	-0.13614983910458267	-0.5450319345666559	0.31170883403184213	0.04006525251249616	1.178429191679591	O80456	Acyl-CoA	FL
AT5G40950.1	FL	-0.3406345949869792	0.30676626458442835	0.09182057195073112	0	5	0.30676626458442835	0.22011230256977662	-0.32489709194669086	-0.3406345949869792	0.06498262577920849	0.6474008595714076	Q9FLN4	50S ribosomal protein L27, chloroplastic	FL
AT4G37760.1	FL	-0.22983162392006956	0.8874829257964931	0.20169379466543605	0	5	0.22155252993412214	0.8874829257964931	0.011698731296818879	-0.15729264847276309	-0.22983162392006956	1.1173145497165626	Q8VYH2	Squalene epoxidase 3	FL
AT1G24620.1	FL	-0.522910936408084	1.3233017687464788	0.4929919402099599	0	6	0.5415967678986361	0.42137953922975885	1.3233017687464788	1.0041828053809045	-0.522910936408084	1.8462127051545627	Q9FYK2	Probable calcium-binding protein CML25	FL
AT3G63490.1	FL	-0.3290812841594052	0.2122630444771404	0.061395446028590754	0	6	0.2122630444771404	0.20809976581057968	-0.21507647582826697	-0.3290812841594052	0.059187179995133454	0.5413443286365456	Q9LY66	50S ribosomal protein L1, chloroplastic	FL
AT5G11520.1	FL	-0.23430536461891888	1.0282906316190414	0.2256233865872988	0	6	0.1291904890433897	0.2377825240177923	1.0282906316190414	0.03058056235410752	-0.23430536461891888	1.2625959962379603	P46644	Aspartate aminotransferase 3, chloroplastic	FL
ATCG00360.1	FL	-0.4962167770639613	0.2619109683393081	0.11901331439889781	0	4	0.2611905076465497	0.18155581612226113	-0.4962167770639613	-0.24559710755699557	0.2619109683393081	0.7581277454032693	P61843	Photosystem I assembly protein Ycf3	FL
AT3G57610.1	FL	-0.2415138745778989	0.21787953631287915	0.04474038607388813	1	6	0.21663674195755794	0.21787953631287915	-0.2415138745778989	-0.16236812133924997	-0.0035680917947345696	0.45939341089077806	Q96529	Adenylosuccinate synthetase, chloroplastic	FL
AT3G51840.1	FL	-0.10804160106274593	0.45769932364869487	0.048866856976613096	0	6	0.21042110137583395	0.17492481290616857	0.45769932364869487	-0.023877442518691182	-0.10804160106274593	0.5657409247114408	Q96329	Acyl-coenzyme A oxidase 4, peroxisomal	FL
AT5G12380.1	FL	-0.4873513055628895	0.8539929573320109	0.25146902807151766	0	6	-0.4873513055628895	0.05282285223001297	-0.12241434086437462	0.8539929573320109	0.30703126013609716	1.3413442628949004	Q94CK4	Annexin D8	FL
AT1G18040.1	FL	0.0	0.0	0.0	1	6	0.0	0.0	0.0	0.0	0.0	0.0	Q9LMT0	Cyclin-dependent kinase D-3	FL
AT4G16760.1	FL	-0.15335266205094158	0.28838019637591283	0.02998240573247201	0	6	0.20732629628800164	0.08901003566649955	0.28838019637591283	0.213085699282541	-0.15335266205094158	0.4417328584268544	O65202	Peroxisomal acyl-coenzyme A oxidase 1	FL
AT5G48230.2	FL	-0.5737201289514926	0.46754350075145423	0.19926307046684782	0	1	0.32573849872214966	0.46754350075145423	-0.36806290654107504	-0.5737201289514926	-0.16576155399861744	1.041263629702947	Q8S4Y1	Acetyl-CoA acetyltransferase, cytosolic 1	FL
AT4G25950.1	FL	-0.8513946130138444	3.0418925071883494	2.2424820094369773	0	1	-0.0395003727034168	0.44744977094334276	3.0418925071883494	-0.8513946130138444	-0.12349532607859454	3.893287120202194	Q9SZH0	V-type proton ATPase subunit G3	FL
AT4G26970.1	FL	-0.06912700185132692	0.5317362091596187	0.062196863682163636	0	6	0.18730259888876033	0.24218443687344687	0.5317362091596187	-0.06912700185132692	-0.06526589293175343	0.6008632110109456	Q94A28	Aconitate hydratase 2, mitochondrial	FL
AT5G14570.1	FL	-0.7301422922138698	0.2706436914264161	0.16802470231450076	0	1	0.04165003976665004	0.26306995048134496	-0.007238044007419727	-0.7301422922138698	0.2706436914264161	1.000785983640286	Q9LYK2	High affinity nitrate transporter 2.7	FL
AT5G47180.2	FL	-0.16857902964018956	0.8154891756149766	0.17659204861598882	0	6	-0.033871422579136085	0.05001732866124656	0.8154891756149766	0.5517506308080145	-0.16857902964018956	0.9840682052551661	Q9LVU1	Vesicle-associated protein 2-1	FL
AT4G35000.1	FL	-0.8059916501084647	0.33940546215303946	0.20522639107312826	0	4	0.33940546215303946	0.24847362378621118	-0.8059916501084647	0.043473744589878884	-0.05381645440729261	1.145397112261504	Q42564	L-ascorbate peroxidase 3	FL
AT3G05420.2	FL	-0.09956635806294963	0.23619933764340548	0.019217197337762577	1	6	0.13771590685631407	-0.0106741251814443	0.23619933764340548	-0.0428625670967657	-0.09956635806294963	0.3357656957063551	Q9MA55	Acyl-CoA-binding domain-containing protein 4	FL
AT5G60600.1	FL	-0.28789972361755517	0.24117429138758006	0.046123668082873694	0	6	0.24117429138758006	0.21184355779712163	-0.03453040047249828	-0.28789972361755517	-0.012583445625387395	0.5290740150051352	F4K0E8	4-hydroxy-3-methylbut-2-en-1-yl diphosphate synthase (ferredoxin), chloroplastic	FL
AT4G21270.1	FL	-0.5521354404686704	0.2750212815178156	0.13188951600843238	0	4	-0.2840610106829061	0.21572150143180915	-0.5521354404686704	0.16282513950070393	0.2750212815178156	0.8271567219864859	Q07970	Kinesin-like protein KIN-14C	FL
AT4G25000.1	FL	0.10296598881872614	0.5751821635149504	0.029945153228768236	0	6	0.10296598881872614	0.4374178732646831	0.5751821635149504	0.39875868012111176	0.4188310925893638	0.4722161746962243	Q8VZ56	Alpha-amylase 1	FL
AT1G74970.1	FL	-0.5685202808746239	0.28393749868234847	0.11604679038081894	0	4	0.23985589958914785	0.28393749868234847	-0.5685202808746239	-0.08236672758854093	-0.04141800311309949	0.8524577795569723	Q9XJ27	30S ribosomal protein S9, chloroplastic	FL
AT1G07410.1	FL	-0.2841750555754562	0.8012037434820121	0.21215397877701334	0	6	0.7505532127475975	0.32347448405084156	0.8012037434820121	0.06080665791979095	-0.2841750555754562	1.0853787990574681	Q9LNW1	Ras-related protein RABA2b	FL
AT1G66400.1	FL	-1.3072697342569828	0.8662010145356496	0.6836670015443346	0	3	0.8662010145356496	0.46588624516011606	-1.3072697342569828	-0.18150989451386892	0.15942178394342635	2.1734707487926324	Q9C8Y1	Probable calcium-binding protein CML23	FL
AT3G48930.1	FL	-0.5122528430501481	0.04936373963353716	0.04588663452427991	1	6	-0.5122528430501481	-0.12565416651626132	-0.04001038327617243	-0.14671563168224822	0.04936373963353716	0.5616165826836852	P16181	40S ribosomal protein S11-1	FL
AT5G39850.1	FL	-0.4728983609055024	0.5169492837828339	0.14222888960024635	0	5	0.30024147466122647	0.5169492837828339	-0.4728983609055024	0.05682929414544834	-0.07612917770822872	0.9898476446883363	Q9FLF0	40S ribosomal protein S9-2	FL
AT4G39740.1	FL	-0.38502737376224705	0.48853604596859784	0.14173063512361153	0	6	0.48853604596859784	-0.20192280831663795	-0.38502737376224705	-0.2877205907663027	0.24575282417391986	0.8735634197308448	Q8LAL0	Protein SCO1 homolog 2, mitochondrial	FL
AT3G15020.1	FL	-0.17392922131543812	0.6934799622920751	0.12400356480348651	0	6	0.04923404343766237	0.25132905144459206	0.6934799622920751	-0.12551053248422417	-0.17392922131543812	0.8674091836075132	Q9LKA3	Malate dehydrogenase 2, mitochondrial	FL
AT1G80910.1	FL	-0.5069890885673216	0.5679735497207774	0.17881791292770072	0	1	-0.27153202783361047	0.24773658991156924	0.5679735497207774	-0.5069890885673216	0.04250979756243531	1.074962638288099	C0Z274	Vacuolar fusion protein CCZ1 homolog B	FL
AT1G63290.1	FL	-0.7607323941816546	0.3190179280827816	0.20570966844784783	0	1	0.2939922947391838	0.3190179280827816	-0.12156820928204715	-0.7607323941816546	0.2048710128612648	1.0797503222644362	Q9C8T3	Ribulose-phosphate 3-epimerase	FL
AT1G53310.3	FL	-0.09595243846434508	0.30158296652422	0.025842349353236548	1	6	0.1697776617917733	0.30158296652422	-0.09595243846434508	0.14137348309450543	-0.03345892952138967	0.3975354049885651	Q9MAH0	Phosphoenolpyruvate carboxylase 1	FL
AT3G18000.1	FL	-1.202748593175726	0.5107728257662496	0.42954657286074077	0	1	-0.29624653327494277	0.2286688581606683	0.5107728257662496	-1.202748593175726	-0.053542585311209784	1.7135214189419756	Q9FR44	Phosphoethanolamine N-methyltransferase 1	FL
AT2G19860.1	FL	-0.24902812242640898	0.27377123389601155	0.045878170315986976	0	6	-0.05233275285342881	0.27377123389601155	0.23155999639854427	-0.24902812242640898	0.0781314555703945	0.5227993563224205	P93834	Hexokinase-2	FL
AT1G55020.1	FL	0.10007013448151157	0.8869549231862427	0.15768097188955765	0	6	0.10007013448151157	0.12797608920522804	0.8869549231862427	0.8705764567258292	0.2582526927102698	0.7868847887047311	Q06327	Linoleate 9S-lipoxygenase 1	FL
AT3G48890.1	FL	-0.13738099551892685	0.28948392599670686	0.035733436304093126	1	5	-0.13045210312680652	0.28948392599670686	-0.13738099551892685	0.08158418955290309	-0.12931176287166204	0.4268649215156337	Q9M2Z4	Membrane steroid-binding protein 2	FL
AT1G18150.3	FL	-0.4062410751081665	0.8769242746495035	0.23019803342080308	0	6	-0.011608494698805823	0.29025303570218797	0.8769242746495035	0.4185125271864516	-0.4062410751081665	1.28316534975767	Q9LM33	Mitogen-activated protein kinase 8	FL
AT5G09500.1	FL	-0.4922885246724224	1.7679621877517555	1.1264932419577827	0	3	1.1811780588612535	1.7679621877517555	1.3306401000246453	-0.4922885246724224	-0.44884530575518555	2.260250712424178	Q9FY65	40S ribosomal protein S15-3	FL
AT4G14430.1	FL	-0.44436688915268896	0.28502251527199723	0.08619681239970142	0	6	-0.0282177477064941	0.28502251527199723	0.16193617363688406	-0.44436688915268896	0.2150435352970733	0.7293894044246862	O23299	Enoyl-CoA delta isomerase 2, peroxisomal	FL
AT2G02390.3	FL	-0.6516763329738018	0.36475154390533376	0.17856295463511324	0	4	-0.2185050389428018	0.2829910283547272	-0.6516763329738018	0.36475154390533376	0.17096111552346221	1.0164278768791355	Q9ZVQ3	Glutathione S-transferase Z1	FL
AT1G76030.1	FL	-0.11047754225143183	0.30764634571045896	0.03256930741920095	0	6	0.07573884110272296	0.2062509407136287	0.30764634571045896	-0.11047754225143183	-0.08191584186201442	0.4181238879618908	P11574	V-type proton ATPase subunit B1	FL
AT3G19770.1	FL	-0.07182922122139329	0.22042224199050434	0.014609369615032255	1	6	0.22042224199050434	0.1941020122807045	-0.07182922122139329	0.05893839321596073	0.030855287062508622	0.29225146321189766	Q9LT31	Vacuolar protein sorting-associated protein 9A	FL
AT1G51740.1	FL	-0.7276793129216059	0.4337286583067334	0.1940251148435369	0	4	0.22530629222790094	-0.1339956682440916	-0.7276793129216059	-0.04700129179653318	0.4337286583067334	1.1614079712283394	P59277	Syntaxin-81	FL
AT3G60840.1	FL	-0.5957644959966326	0.5473834520487604	0.2538799035092979	0	4	0.050660687693829455	0.5473834520487604	-0.5957644959966326	-0.5600989293117175	0.2518074127843462	1.143147948045393	Q9LZY0	65-kDa microtubule-associated protein 4	FL
AT2G18710.1	FL	-0.33078171838200876	0.25987257448124834	0.06229006518994409	0	6	0.24674161359433644	0.25987257448124834	-0.1043890818522502	-0.33078171838200876	-0.02833839145301709	0.5906542928632571	Q38885	Preprotein translocase subunit SCY1, chloroplastic	FL
AT1G08700.1	FL	-0.2990743146479635	0.3253580703472885	0.06128571355669079	1	5	-0.2990743146479635	0.3253580703472885	-0.2104789896684011	-0.20767904306737153	-0.06636740563333397	0.624432384995252	O64668	Presenilin-like protein At1g08700	FL
AT1G66670.1	FL	-0.5017675211843107	0.3353244255431068	0.12348804132586416	1	4	0.3322382194733409	0.3353244255431068	-0.5017675211843107	0.19835123785099723	-0.03724164608156399	0.8370919467274175	Q9SXJ6	ATP-dependent Clp protease proteolytic subunit 3, chloroplastic	FL
AT3G15060.1	FL	-0.3524180341869927	0.7626974683423261	0.21374805375278252	0	5	-0.2024045526206069	0.7626974683423261	0.24837176134267355	-0.23677738892686354	-0.3524180341869927	1.115115502529319	Q9LK99	Ras-related protein RABA1g	FL
AT4G23590.1	FL	-0.29562838056644997	0.5411572433962706	0.1559016598667689	0	5	-0.29562838056644997	0.5411572433962706	0.08568835957859788	-0.2633009856788213	0.47502188983070665	0.8367856239627205	Q8VYP2	Probable aminotransferase TAT4	FL
AT2G39820.1	FL	-1.0164552355487664	1.4670412934154584	0.86683130652054	0	1	0.3458577888650816	1.4670412934154584	0.44824204820483843	-1.0164552355487664	-0.34904252943791214	2.483496528964225	O22290	Eukaryotic translation initiation factor 6-1	FL
AT3G17790.1	FL	-0.45085275466166613	1.0837892824106499	0.3286607766049112	0	6	0.19090208896508734	0.15963341190379982	1.0837892824106499	0.6277278724299973	-0.45085275466166613	1.534642037072316	Q9SCX8	Purple acid phosphatase 17	FL
AT4G36400.2	FL	-0.13294491067901404	0.283085846286192	0.02611466892759659	0	6	0.283085846286192	0.22561120640577065	0.06455740285931637	-0.13294491067901404	0.11772421349836672	0.41603075696520603	O23240	D-2-hydroxyglutarate dehydrogenase, mitochondrial	FL
AT1G45474.2	FL	-0.47796394404580955	0.40906771817772714	0.12679180747993418	0	5	0.2586902114754641	0.40906771817772714	-0.47796394404580955	-0.19444511138915793	-0.09238491036145646	0.8870316622235367	Q9C639	Photosystem I chlorophyll a/b-binding protein 5, chloroplastic	FL
AT4G32770.1	FL	-0.8776016687611436	0.6656127337547311	0.3959239587978823	0	1	0.33428126816379966	0.6656127337547311	0.5770832876705199	-0.8776016687611436	-0.07006248619857086	1.5432144025158747	Q94FY7	Tocopherol cyclase, chloroplastic	FL
AT3G12915.1	FL	-0.3731472514658932	0.6147468332838073	0.1558974338458405	0	6	0.6147468332838073	-0.3731472514658932	-0.25133161715845026	0.22439896630754083	0.12812469087640793	0.9878940847497005	F4JB05	Ribosomal protein S5/Elongation factor G/III/V family protein	FL
AT1G04970.1	FL	-0.07337271684284136	0.2921741238823461	0.020587641588934488	0	6	0.222995905129868	0.21463329301250442	0.09766262897247685	-0.07337271684284136	0.2921741238823461	0.36554684072518745	Q9MAU5	Putative BPI/LBP family protein At1g04970	FL
ATCG01070.1	FL	-0.6451153090559453	0.6277423181397415	0.21622519158486578	0	1	0.12817849089314226	0.6277423181397415	0.2577009615307532	-0.6451153090559453	0.00715361731746014	1.2728576271956866	P26289	NAD(P)H-quinone oxidoreductase subunit 4L, chloroplastic	FL
AT5G47720.4	FL	-0.11685647388297826	0.2855422226582009	0.024346572600383268	0	6	0.2855422226582009	0.15225195554052198	0.2231150631115472	-0.11685647388297826	0.07243392955647411	0.40239869654117916	Q9FIK7	Probable acetyl-CoA acetyltransferase, cytosolic 2	FL
AT5G61580.1	FL	-0.32718591906850725	0.25278863178202676	0.052423802177368896	0	6	0.25278863178202676	0.20891614322096924	0.023483316359349256	-0.32718591906850725	0.07085020976582272	0.5799745508505341	Q9FKG3	ATP-dependent 6-phosphofructokinase 4, chloroplastic	FL
AT5G47910.1	FL	-0.2220060541566109	0.12923971257735242	0.02144352364985081	1	6	0.09902879225244428	0.12923971257735242	-0.03271379216770076	-0.11316404186541433	-0.2220060541566109	0.35124576673396335	Q9FIJ0	Respiratory burst oxidase homolog protein D	FL
AT1G32220.1	FL	-0.540879106624089	0.688010818512317	0.2053980774395697	0	1	0.317573134939616	0.688010818512317	0.2077064407973856	-0.540879106624089	-0.0076910514695129	1.228889925136406	Q9FVR6	Uncharacterized protein At1g32220, chloroplastic	FL
AT2G17280.2	FL	-0.1627594375206992	0.6039406619109254	0.09969461051506785	0	6	0.6039406619109254	-0.13693759591236027	0.0999133983363494	0.2577420713251406	-0.1627594375206992	0.7667000994316246	Q8GY96	Phosphoglycerate mutase-like protein	FL
AT5G43330.1	FL	-0.3057868779618016	0.6021205366044164	0.13175043419981092	0	6	0.6021205366044164	-0.05122177772793373	0.35954873924748526	-0.04393620147218679	-0.3057868779618016	0.907907414566218	P57106	Malate dehydrogenase 2, cytoplasmic	FL
AT5G62500.1	FL	-1.40550756617658	1.5935367971320722	1.2376732028901247	0	3	0.012608707733855857	1.5935367971320722	-0.23373713634405505	0.6821631322384489	-1.40550756617658	2.999044363308652	Q9FJJ5	Microtubule-associated protein RP/EB family member 1B	FL
AT5G21100.1	FL	-0.014299784725093296	0.2923579450890233	0.013819890100163285	0	6	0.0819762193947911	0.2066436535700721	0.2923579450890233	0.16568009865420746	-0.014299784725093296	0.3066577298141166	Q8LPL3	Ascorbate oxidase-like protein	FL
AT4G32830.1	FL	-0.7469267917196067	0.21337473437007007	0.15661000855430873	0	4	-0.11244865063503515	0.02812061754076981	-0.7469267917196067	0.20784908422442594	0.21337473437007007	0.9603015260896768	Q9M077	Serine/threonine-protein kinase Aurora-1	FL
AT1G76490.1	FL	-1.0302241803953551	1.8668050275380308	1.141224722582382	0	3	0.39398215697910877	1.8668050275380308	0.0013048818247092717	-1.0302241803953551	-0.24285854193512	2.897029207933386	P14891	3-hydroxy-3-methylglutaryl-coenzyme A reductase 1	FL
AT2G35690.1	FL	-0.31036055352096314	0.8776897187579331	0.192975631272835	0	6	0.4200616534660872	0.09469552135077182	0.8776897187579331	0.14528038346452177	-0.31036055352096314	1.1880502722788964	Q9ZQP2	Putative peroxisomal acyl-coenzyme A oxidase 1.2	FL
AT3G13410.1	FL	-0.6567836446055587	0.519229787553809	0.21240214593509957	0	1	0.09265660852464296	0.4182063270483212	0.519229787553809	-0.6567836446055587	0.09159753846729103	1.1760134321593676	Q93WB8	2-C-methyl-D-erythritol 4-phosphate cytidylyltransferase	FL
AT1G70760.1	FL	-0.5908170674378159	0.4892461938147487	0.1605391656717735	0	1	0.4892461938147487	0.20538061161156362	-0.09599552773549774	-0.5908170674378159	0.05614010357417239	1.0800632612525647	Q9CAC5	NAD(P)H-quinone oxidoreductase subunit L, chloroplastic	FL
AT2G33730.1	FL	-0.2867835069970648	0.06710988623798342	0.020395121830546578	1	6	-0.06045077663919492	-0.057896272402102704	-0.22764054547781032	-0.2867835069970648	0.06710988623798342	0.3538933932350482	P93008	DEAD-box ATP-dependent RNA helicase 21	FL
AT5G60620.1	FL	-0.2948024262584862	0.2954999282573242	0.05730744137691318	0	6	0.2954999282573242	0.23666046993940704	-0.06568891584052838	-0.2948024262584862	-0.0076475692196849255	0.5903023545158104	Q8GWG0	Glycerol-3-phosphate acyltransferase 9	FL
AT4G17720.1	FL	-0.11346367570715953	0.03302581177084227	0.003353891694407486	1	6	-0.08703389129974588	-0.015998132350500828	0.03302581177084227	-0.0392230881024263	-0.11346367570715953	0.14648948747800178	Q8LA96	Putative RRM-containing protein	FL
AT5G36880.2	FL	-0.16375428219752838	0.33777146663642404	0.045615646915070064	1	6	0.025090846690661438	0.10271551821261282	0.33321520945980637	0.33777146663642404	-0.16375428219752838	0.5015257488339524	B9DGD6	Acetyl-coenzyme A synthetase, chloroplastic/glyoxysomal	FL
AT1G23800.1	FL	-0.49435179484343666	1.389861562919747	0.5728995256746945	0	6	0.8706625088690091	0.057128338797997336	1.389861562919747	-0.025434487462036626	-0.49435179484343666	1.8842133577631837	Q8S528	Aldehyde dehydrogenase family 2 member B7, mitochondrial	FL
AT3G01890.1	FL	-0.6819744683454378	0.30209333544831585	0.1736695080256176	0	5	0.30209333544831585	0.2241482644152851	-0.16766581112100792	-0.40895194271001556	-0.6819744683454378	0.9840678037937537	Q147F4	At3g01890	FL
AT5G04930.1	FL	-0.10783067899102457	0.23054983724415787	0.026851100793729956	1	6	-0.08252206371444479	0.17133350196862038	0.20139594317869444	0.23054983724415787	-0.10783067899102457	0.33838051623518245	P98204	Phospholipid-transporting ATPase 1	FL
AT3G25585.4	FL	-0.521492774270476	0.4057605200886143	0.144450002401588	0	1	0.27833762347844837	0.4057605200886143	0.32376226928056157	-0.521492774270476	-0.02860890026489778	0.9272532943590903	O82568	Choline/ethanolaminephosphotransferase 2	FL
AT5G11980.1	FL	-0.20042529601682227	0.14169738953251715	0.017517035848665125	1	6	-0.012832495757547472	0.009505220818649976	-0.13022747765921874	0.14169738953251715	-0.20042529601682227	0.34212268554933944	Q84K25	Conserved oligomeric Golgi complex subunit 8	FL
AT3G02720.1	FL	-0.21913608219979028	0.3084756957279012	0.05469747587760194	0	5	0.2474410147653266	0.3084756957279012	-0.21913608219979028	-0.06588630298760617	-0.12065734689803771	0.5276117779276914	Q9M8R4	Protein DJ-1 homolog D	FL
AT2G37250.1	FL	-0.9957235160837152	0.8295098215470051	0.6611150678484062	0	1	-0.265959761940283	0.8295098215470051	0.7679578291334219	-0.9957235160837152	-0.5608429913433595	1.8252333376307204	Q9ZUU1	Adenylate kinase 1, chloroplastic	FL
AT5G14760.1	FL	-1.63664620385898	1.2998511049803048	1.259394120508165	0	3	1.2998511049803048	0.3558854199246173	-1.63664620385898	-0.7693525311625522	0.15066215732259905	2.936497308839285	Q94AY1	L-aspartate oxidase, chloroplastic	FL
AT3G47340.1	FL	-1.1697495814385026	0.35381105943586544	0.4023363464558599	0	6	0.35381105943586544	-0.1513574396582586	0.16148161079729179	0.3338008419920644	-1.1697495814385026	1.523560640874368	P49078	Asparagine synthetase [glutamine-hydrolyzing] 1	FL
AT3G24315.1	FL	-0.6186734273149719	0.21958232163442823	0.11959681284633827	0	4	-0.2204814841642797	0.20455587523481567	-0.6186734273149719	0.21958232163442823	-0.10857252177928599	0.8382557489494001	Q1LYX4	At3g24315	FL
AT4G26390.1	FL	-0.4135827728124	1.6876443474957608	0.6938429333789231	0	6	0.21353929644728414	1.0988649515548083	1.6876443474957608	0.17820727288971272	-0.4135827728124	2.101227120308161	O65595	Probable pyruvate kinase, cytosolic isozyme	FL
AT4G10300.1	FL	-0.1861035707289009	0.2343487651574055	0.032366304541831696	0	6	0.2343487651574055	0.23190400005193285	0.02123651067734853	-0.1861035707289009	-0.027057288187903792	0.42045233588630637	Q9SV91	At4g10300	FL
AT3G16100.1	FL	-0.16153167134807633	0.34057689709209626	0.04402453522888364	0	6	0.02297616697908333	0.26695871878293836	0.34057689709209626	-0.16153167134807633	-0.029399788337392145	0.5021085684401726	Q9LW76	Ras-related protein RABG3c	FL
AT2G26930.1	FL	-0.28899204830719905	0.2426703777033688	0.04614293052060798	0	6	0.2426703777033688	0.2250007092865404	0.028752880404469362	-0.28899204830719905	0.09474385792523497	0.5316624260105678	O81014	4-diphosphocytidyl-2-C-methyl-D-erythritol kinase, chloroplastic	FL
AT3G17820.1	FL	-0.14655214171179387	0.73848117057435	0.12645058640487145	0	6	0.12793725591926344	0.3487776937318442	0.73848117057435	-0.14655214171179387	-0.06158005694681797	0.8850333122861439	Q9LVI8	Glutamine synthetase cytosolic isozyme 1-3	FL
AT2G46710.1	FL	-0.5289386035350959	0.5082005217966892	0.1860536779377921	0	1	-0.17466915251413825	0.23516599751993938	0.5082005217966892	-0.5289386035350959	-0.3785730594109698	1.0371391253317852	Q8GYY5	Rho GTPase-activating protein 3	FL
AT1G64660.1	FL	-0.2607638322580797	1.0493961437270678	0.23709344416503056	0	6	0.05772065286084627	0.34679520725273694	1.0493961437270678	0.1786742077016369	-0.2607638322580797	1.3101599759851474	Q9SGU9	Methionine gamma-lyase	FL
AT3G51520.1	FL	-0.25228279779506857	0.3125923044356016	0.07048205227816719	0	6	0.3125923044356016	0.24712977325493496	-0.25228279779506857	-0.24363070883910398	-0.022069012097140635	0.5648751022306702	Q9ASU1	Diacylglycerol O-acyltransferase 2	FL
AT3G47860.1	FL	-0.22294092036630303	0.28883760529875685	0.04314874500161917	0	6	0.28883760529875685	0.26217587096877953	0.14526991834491945	-0.22294092036630303	0.034379515558452894	0.5117785256650599	Q9STS7	Chloroplastic lipocalin	FL
AT3G08560.1	FL	-0.3624293182930262	2.220710060478314	1.0753470883871548	0	6	-0.1921192943302673	0.20609431755858829	2.220710060478314	0.25761533753913546	-0.3624293182930262	2.58313937877134	Q9C9Z8	V-type proton ATPase subunit E2	FL
AT3G05410.2	FL	-0.6915641144153739	0.5888991359893747	0.2940660983095169	0	1	-0.29410524771668595	0.5888991359893747	0.09747162771322247	-0.6915641144153739	0.5142398357567339	1.2804632504047486	F4J7A7	PsbP domain-containing protein 7, chloroplastic	FL
AT2G33870.1	FL	-0.5440950452556238	1.7803055097552805	0.934241586425297	0	6	0.22056919131709313	0.17152304647197644	1.7803055097552805	1.4416110291883277	-0.5440950452556238	2.324400555010904	Q1PEX3	Ras-related protein RABA1h	FL
AT3G63150.1	FL	-0.2853551799003559	0.5459968281169959	0.15387674386091826	0	6	0.5459968281169959	-0.24440496746652512	0.37261660914653605	-0.20936386023350134	-0.2853551799003559	0.8313520080173518	F4J0W4	Mitochondrial Rho GTPase 2	FL
AT5G27630.1	FL	-0.38497493731473176	0.2790797755706017	0.08861641604234877	1	6	0.27631463902038705	-0.38497493731473176	0.2790797755706017	-0.13578653678262675	-0.19715277499813094	0.6640547128853335	Q8RWD9	Acyl-CoA-binding domain-containing protein 5	FL
AT1G12640.1	FL	-0.4536672106382948	0.46776413822842466	0.11778886249940762	0	6	0.02173143477435949	0.2593309979425041	0.46776413822842466	-0.4536672106382948	0.046560186670034	0.9214313488667194	F4IDU4	Lysophospholipid acyltransferase 1	FL
AT5G10270.1	FL	-0.25794895865893414	0.08502631413621438	0.019019032954160967	1	6	-0.011997693199186038	0.08502631413621438	-0.25794895865893414	-0.19548978786197077	-0.08251500984235345	0.3429752727951485	Q9LFT8	Cyclin-dependent kinase C-1	FL
AT1G17100.1	FL	-0.4752879623577318	0.47173085707595497	0.1261578808732462	0	5	0.12817230834173124	0.47173085707595497	0.21659461242529476	-0.4752879623577318	-0.08040641207195501	0.9470188194336868	Q9SHG8	At1g17100	FL
AT3G59480.1	FL	-0.9269931056152433	1.8174631054029435	1.527591355828488	0	3	1.6882527342928875	1.8174631054029435	-0.14085350281795275	-0.9269931056152433	-0.22990869481636814	2.744456211018187	Q9M1B9	Probable fructokinase-4	FL
AT1G16880.1	FL	-0.205480206990725	0.4752006204171497	0.10884461828821528	0	5	0.4489173018763657	0.4752006204171497	-0.1756492248022304	0.031641052019816256	-0.205480206990725	0.6806808274078747	Q9FZ47	ACT domain-containing protein ACR11	FL
AT1G59820.1	FL	-0.1682524892556664	0.1788264668620416	0.015845759974596037	1	6	-0.05397768720089232	-0.0032347961566360638	0.018235344716192464	0.1788264668620416	-0.1682524892556664	0.347078956117708	Q9XIE6	Phospholipid-transporting ATPase 3	FL
AT5G50210.1	FL	-1.105285931507624	0.789700338223738	0.7894067476793856	0	3	0.789700338223738	0.47672726213567257	-1.093449143054947	-1.105285931507624	0.1322017440194244	1.894986269731362	Q9FGS4	Quinolinate synthase, chloroplastic	FL
AT2G38280.2	FL	-0.17284916314152587	0.06514318634579894	0.010798935156040362	1	6	-0.17284916314152587	0.06514318634579894	-0.00795340278462631	-0.16268243187928072	-0.020659699909557565	0.2379923494873248	O80452	AMP deaminase	FL
AT5G54600.1	FL	-1.2180350897050751	0.5711062897621271	0.47071345057307357	0	4	0.2607497670108721	0.13828022343650778	-1.2180350897050751	0.5711062897621271	-0.10280242091529285	1.7891413794672022	P92959	50S ribosomal protein L24, chloroplastic	FL
AT4G37830.1	FL	-0.8721220746261512	0.4783254539517883	0.29447116596536443	0	4	0.4783254539517883	0.18835439676841617	-0.8721220746261512	0.40315054887751406	0.03150668394043304	1.3504475285779396	Q9T070	Cytochrome c oxidase subunit 6a, mitochondrial	FL
AT1G71697.1	FL	-0.03545162579603779	0.41033164401977323	0.0328655701662519	0	6	0.41033164401977323	0.015366868419834515	0.2183181759214046	0.24243451753785114	-0.03545162579603779	0.445783269815811	Q9M9H6	Probable choline kinase 1	FL
AT1G11910.1	FL	-0.15360059231010717	0.2377762239349611	0.030753316108532124	0	6	0.07284140448272876	0.20251458285605822	-0.1001181136432631	-0.15360059231010717	0.2377762239349611	0.39137681624506826	O65390	Aspartic proteinase A1	FL
AT2G41410.1	FL	-0.25756520606083244	0.4613790529752179	0.08969033382040809	1	5	0.21056527514718423	0.4613790529752179	-0.25756520606083244	-0.009597833053035219	0.409584258641504	0.7189442590360504	P30188	Probable calcium-binding protein CML35	FL
AT1G35720.1	FL	-0.2215944308428518	1.1052125389638245	0.30600383933904085	0	6	0.21963310229026753	0.6890375260550312	1.1052125389638245	-0.0921590465557872	-0.2215944308428518	1.3268069698066762	Q9SYT0	Annexin D1	FL
AT5G57690.1	FL	-0.25576980102893737	1.2487020196336207	0.3466274646034363	0	6	0.2179924993501174	0.23702336308445868	1.2487020196336207	0.8393136123116043	-0.25576980102893737	1.504471820662558	Q1PDI2	Diacylglycerol kinase 4	FL
AT1G29930.1	FL	-0.9016537091679502	1.1422546277658976	0.6726374846666388	1	3	1.1422546277658976	0.45068164217390894	-0.46541496051299275	-0.3988542886408722	-0.9016537091679502	2.043908336933848	P04778	Chlorophyll a-b binding protein 1, chloroplastic	FL
AT5G40040.1	FL	-0.40072092679894883	1.5852629114147876	0.7963533866351933	0	5	0.75085254682124	1.5852629114147876	1.0875013921045154	-0.40072092679894883	-0.38981841428313646	1.9859838382137365	Q9LUK2	60S acidic ribosomal protein P2-5	FL
AT3G17390.1	FL	-0.42286105030930055	0.2734442581655859	0.08386646312412303	0	6	0.005520385602110931	0.2734442581655859	0.21266384454931972	-0.42286105030930055	-0.2002031640178232	0.6963053084748865	Q9LUT2	S-adenosylmethionine synthase 4	FL
AT1G57770.1	FL	-0.24459764499201214	0.44551802628594883	0.06290627548643256	0	6	0.1701245281611973	0.44551802628594883	0.2360667263996469	-0.24459764499201214	0.1831439428781001	0.690115671277961	Q9FVR9	FAD/NAD(P)-binding oxidoreductase family protein	FL
AT5G53940.1	FL	-0.8524219805504214	1.4458690228696698	0.8866972654523584	0	1	-0.4805461005301284	0.4913454263923615	-0.5090161810082683	-0.8524219805504214	1.4458690228696698	2.298291003420091	Q9FN32	Protein yippee-like At5g53940	FL
AT3G61110.1	FL	-0.26504069315954465	0.02177813471303298	0.018847436615286893	1	6	-0.24019449900329304	-0.005129941065602825	-0.031121406922336347	-0.26504069315954465	0.02177813471303298	0.2868188278725776	Q9M2F1	40S ribosomal protein S27-2	FL
AT5G48760.2	FL	-0.9866935002978575	0.43378073576474663	0.2879650823829234	1	4	-0.04474828364201788	-0.4170434648422295	-0.9866935002978575	0.43378073576474663	0.0455085785092677	1.4204742360626041	Q9FKC0	60S ribosomal protein L13a-4	FL
AT5G46750.1	FL	-0.101099733427554	0.016003575567406392	0.0020430739698024314	1	6	0.016003575567406392	-0.05099868822641405	-0.101099733427554	-0.004705151496704762	-0.029264878547679635	0.1171033089949604	Q9FIQ0	Probable ADP-ribosylation factor GTPase-activating protein AGD9	FL
AT2G40110.1	FL	-0.5969258023016752	0.34907093237420356	0.1448164502042348	1	1	-0.1265458732329262	0.23236043190639324	0.17701493745564026	-0.5969258023016752	0.34907093237420356	0.9459967346758789	Q8LE51	Protein yippee-like	FL
AT1G42550.1	FL	-0.28605045736651963	0.6578182106152215	0.15456087218620457	1	6	0.6578182106152215	0.17489873290837699	-0.18704683854203186	-0.28605045736651963	-0.20684690469636288	0.9438686679817412	Q9C8E6	Protein PLASTID MOVEMENT IMPAIRED 1	FL
AT3G02190.1	FL	-0.9487872339872132	0.5079278591877459	0.3723157909691195	0	6	-0.9487872339872132	-0.42518192111416	-0.4840640954924882	0.5079278591877459	0.3440835715204322	1.456715093174959	Q8L8W6	60S ribosomal protein L39-2	FL
AT1G64440.1	FL	-0.17663076614543677	0.3401112466681043	0.04016966465850711	0	6	0.3401112466681043	0.1524589692780687	0.27779129181738793	0.10481674454757423	-0.17663076614543677	0.516742012813541	Q9C7W7	UDP-glucose 4-epimerase 4	FL
AT1G18590.1	FL	-0.17423139894853065	0.542072272087668	0.08940445597828187	0	6	0.09601109195067595	-0.1695313706478302	-0.17423139894853065	0.21985058749920353	0.542072272087668	0.7163036710361986	Q9FZ80	Cytosolic sulfotransferase 17	FL
AT1G77930.2	FL	-0.9368599700089214	0.6634017138328991	0.4583751315431125	0	4	0.5322476839232353	0.524370874491839	-0.9368599700089214	0.6634017138328991	-0.1763233018951332	1.6002616838418207	Q9SH08	At1g77930	FL
AT3G45300.1	FL	0.0009274381274159732	0.23233145366445726	0.009083920382053254	0	6	0.1765818108746439	0.23233145366445726	0.0965346984319359	0.0009274381274159732	0.2129133498183466	0.2314040155370413	Q9SWG0	Isovaleryl-CoA dehydrogenase, mitochondrial	FL
AT1G68750.1	FL	-0.4783479523688396	1.974392059421918	0.8574642971339483	0	6	-0.000989075137192743	0.26244637319159264	1.974392059421918	0.5269834335214016	-0.4783479523688396	2.4527400117907576	Q8GVE8	Phosphoenolpyruvate carboxylase 4	FL
AT1G33360.1	FL	-0.2581376457708916	0.5304976395304142	0.0819399411823029	0	6	0.20864498235861642	0.284209451988681	0.5304976395304142	-0.2581376457708916	0.2384405617478975	0.7886352853013058	Q66GN9	CLP protease regulatory subunit CLPX3, mitochondrial	FL
AT1G76200.1	FL	-0.8671312560862364	1.1458929118408783	0.5722817572213572	0	4	0.5783185691592132	0.025634581767417418	-0.8671312560862364	1.1458929118408783	-0.10302391351723152	2.0130241679271146	Q8LDK3	NADH dehydrogenase [ubiquinone] 1 beta subcomplex subunit 2	FL
AT1G53500.1	FL	-0.2809574222775332	0.7073340521970481	0.13921674676717927	0	6	-0.07937609347280511	0.11740954679543993	0.7073340521970481	0.2356959361754501	-0.2809574222775332	0.9882914744745813	Q9LPG6	Trifunctional UDP-glucose 4,6-dehydratase/UDP-4-keto-6-deoxy-D-glucose 3,5-epimerase/UDP-4-keto-L-rhamnose-reductase RHM2	FL
AT3G47960.1	FL	-0.37653874851576086	0.358039945350986	0.08653873110666362	0	5	-0.05600603853932979	0.27850511731483923	-0.37653874851576086	0.358039945350986	-0.03475499082263742	0.7345786938667469	Q944G5	Protein NRT1/ PTR FAMILY 2.10	FL
AT1G34000.1	FL	-0.49329808241131495	0.45433326409425173	0.15374337283027037	0	4	0.45433326409425173	0.36489693940022927	-0.49329808241131495	0.21084668752718208	-0.13884043447434594	0.9476313465055667	Q9FEC1	Light-harvesting complex-like protein OHP2, chloroplastic	FL
AT5G04600.1	FL	-0.5831193549629922	0.6490692833592703	0.27164844074177397	1	1	-0.47589403543185066	0.20840843746165952	-0.33656478895234165	-0.5831193549629922	0.6490692833592703	1.2321886383222624	Q9LZ65	AT5g04600/T32M21_200	FL
AT5G42820.2	FL	-0.3206485197339548	0.05637481734710611	0.023556722512127898	1	6	-0.15195845794448115	-0.017744876518140645	-0.23051403401684642	-0.3206485197339548	0.05637481734710611	0.3770233370810609	Q9FMY5	Splicing factor U2af small subunit B	FL
AT4G15130.1	FL	-0.391869318691792	0.41372791016709776	0.14039292390370708	0	6	0.41372791016709776	-0.2602400240298626	-0.391869318691792	0.4067361387910478	-0.07391789170268333	0.8055972288588897	F4JJE0	Choline-phosphate cytidylyltransferase 2	FL
AT5G64380.1	FL	-0.38262130834292885	0.2671438821935138	0.0824742148842421	0	5	0.2671438821935138	0.2185085878233802	-0.2654827343183071	-0.38262130834292885	-0.06567489965134014	0.6497651905364427	Q9FMF1	AT5g64380/MSJ1_22	FL
AT1G12780.1	FL	-0.3332265182608664	1.1354970311787582	0.277319746891337	0	6	0.2666907744333037	0.25163425100844716	1.1354970311787582	0.21593994332026997	-0.3332265182608664	1.4687235494396247	Q42605	Bifunctional UDP-glucose 4-epimerase and UDP-xylose 4-epimerase 1	FL
AT2G38760.1	FL	-0.41079881340527286	0.40722866795334717	0.10487845051789542	0	5	-0.15415296296927836	0.24660370636064935	-0.41079881340527286	0.40722866795334717	0.07608763924962172	0.81802748135862	Q9SE45	Annexin D3	FL
AT4G36390.1	FL	-0.46201143472080963	0.3656828101142275	0.1207348051515477	0	5	-0.1099493136628569	0.3656828101142275	-0.29923435286829836	-0.46201143472080963	0.2236511345536111	0.8276942448350371	Q8H0V1	CDK5RAP1-like protein	FL
AT1G16430.1	FL	-1.3393169402095981	0.8147431559530172	0.7844065309813192	0	4	-0.4580311240991464	0.8147431559530172	-1.3393169402095981	0.6189886751888236	-0.4784678401726477	2.154060096162615	Q9SA42	Mediator of RNA polymerase II transcription subunit 22a	FL
AT4G10260.1	FL	-0.45916828379264313	2.1961062002468243	1.3531992108247979	0	6	-0.10916485354199258	1.0970863229548558	2.1961062002468243	-0.45916828379264313	-0.4478213523655915	2.6552744840394675	O82616	Probable fructokinase-5	FL
AT5G06660.1	FL	-0.39559246322915065	0.28109179494209807	0.08216437823902586	1	5	-0.18333778148356458	0.14521998169758293	-0.39559246322915065	0.28109179494209807	-0.27340191456996354	0.6766842581712487	Q9FG04	Calcium load-activated calcium channel	FL
AT2G21130.1	FL	-0.523944813406723	0.38621035073985815	0.18700823815020756	0	1	-0.523944813406723	0.21454704344868555	0.38621035073985815	-0.5165140844681421	-0.3834977380716334	0.9101551641465813	Q9SKQ0	Peptidyl-prolyl cis-trans isomerase CYP19-2	FL
AT3G06810.1	FL	-0.015513479413975514	0.4089062395882158	0.034477317112539124	0	6	0.2733261169785503	-0.015513479413975514	0.4089062395882158	0.03597409291450966	0.02605982987293696	0.42441971900219133	Q8RWZ3	Probable acyl-CoA dehydrogenase IBR3	FL
AT5G57655.2	FL	-0.1705540709006639	0.2834622522161266	0.038274190721972495	0	6	0.14587750589174486	0.2834622522161266	-0.03775139102002817	0.25886925994410853	-0.1705540709006639	0.4540163231167905	Q9FKK7	Xylose isomerase	FL
AT3G10060.1	FL	-0.10403967951439785	0.40429894045041787	0.05472929457505005	0	6	0.40429894045041787	0.3519620929724066	0.07607406177058257	-0.10403967951439785	-0.061786417286898036	0.5083386199648157	Q9SR70	Peptidyl-prolyl cis-trans isomerase FKBP16-4, chloroplastic	FL
AT3G56650.1	FL	-0.10643528140754918	0.3682308471906756	0.05348840752586133	0	6	0.3682308471906756	0.3127669444619216	-0.058672596748646055	-0.10643528140754918	-0.07196647288639348	0.47466612859822477	Q9LXX5	PsbP domain-containing protein 6, chloroplastic	FL
ATMG00730.1	FL	-0.7750744972474649	0.543457205793006	0.26829308465154744	0	5	0.17110876492762322	0.543457205793006	0.3717763689505623	-0.12776808043881688	-0.7750744972474649	1.3185317030404708	P92514	Cytochrome c oxidase subunit 3	FL
AT4G15545.1	FL	-0.17788225395621465	0.2980407582170468	0.04646284810875863	1	6	0.2980407582170468	0.2565862332098351	-0.007497159883629024	-0.17788225395621465	-0.11254855662185616	0.47592301217326144	Q93W28	Uncharacterized protein At4g15545	FL
AT5G39900.1	FL	-0.4253910587850077	0.224973046634128	0.10117676829663313	0	6	-0.3551814075384352	0.10595463498805134	0.2160350318177289	-0.4253910587850077	0.224973046634128	0.6503641054191357	Q9FLE4	Translation factor GUF1 homolog, mitochondrial	FL
AT5G01600.1	FL	-0.5781640690210607	0.5188220609440426	0.16520625154946078	0	4	0.26611365842592466	0.5188220609440426	-0.5781640690210607	0.07060928699942393	0.10112337262216173	1.0969861299651034	Q39101	Ferritin-1, chloroplastic	FL
AT3G01790.2	FL	-1.1579182180935415	0.43782952544148473	0.42224857276447025	0	4	0.43782952544148473	-0.12117968960685016	-1.1579182180935415	0.3615516270562884	0.1730147969327814	1.5957477435350262	Q7XA68	At1g01640	FL
AT3G04840.1	FL	-0.3554645458220912	0.13141067646446736	0.033408564994442905	1	6	-0.1840787985086785	-0.06919904564815206	-0.3554645458220912	0.13141067646446736	-0.017485432367023136	0.48687522228655855	Q9CAV0	40S ribosomal protein S3a-1	FL
AT1G06290.1	FL	-0.07176209477845655	0.2795370256811409	0.03239812226562992	0	6	0.2703355183419975	0.2795370256811409	0.21095948356433272	-0.07119937537724892	-0.07176209477845655	0.35129912045959744	P0CZ23	Acyl-coenzyme A oxidase 3, peroxisomal	FL
AT5G17310.2	FL	-0.04985187056996211	0.46838230042714113	0.05008965806247995	0	6	0.11940891557062237	0.1712450946555568	0.46838230042714113	0.45262254093948284	-0.04985187056996211	0.5182341709971032	P57751	UTP--glucose-1-phosphate uridylyltransferase 1	FL
AT3G52930.1	FL	-0.1295728729677859	0.15025356870245332	0.010596602992082836	1	6	0.15025356870245332	0.05711085130984325	-0.020738019575276035	0.0008838682684507426	-0.1295728729677859	0.27982644167023923	Q9LF98	Fructose-bisphosphate aldolase 8, cytosolic	FL
AT1G62450.1	FL	-0.27222635865976874	2.423338921443594	1.208450809384181	0	6	-0.1685089708413894	0.2700409986837131	2.423338921443594	0.3023714390325284	-0.27222635865976874	2.695565280103363	F4HYS9	Immunoglobulin E-set superfamily protein	FL
AT5G21150.1	FL	-0.27414348966221114	0.357193350550447	0.07193605671766312	0	6	-0.02599604833444306	-0.27414348966221114	0.33206471146957195	0.357193350550447	0.2193094612276808	0.6313368402126581	Q84VQ0	Protein argonaute 9	FL
AT3G12345.1	FL	-0.23966952830014723	0.6678334862290609	0.16011443466951047	0	6	0.6678334862290609	0.2135563261653972	-0.21873472341992076	-0.23966952830014723	-0.22646721395808445	0.9075030145292081	Q9LHH3	FKBP-type peptidyl-prolyl cis-trans isomerase	FL
AT5G62140.1	FL	-0.5382315976345505	0.4405167994784436	0.16991686989868016	0	1	0.4318838821436179	0.4405167994784436	0.07947352205622656	-0.5382315976345505	-0.13600138687672764	0.9787483971129941	Q9FIS4	ATP-dependent Clp protease ATP-binding subunit	FL
AT1G16700.1	FL	-0.8904902671764602	0.6200439040259647	0.3287227578574991	0	1	-0.23863488967821633	0.6200439040259647	-0.18031261764048284	-0.8904902671764602	0.2842974552297415	1.510534171202425	Q9FX83	NADH dehydrogenase [ubiquinone] iron-sulfur protein 8-B, mitochondrial	FL
AT4G25730.1	FL	-0.4241416725460992	0.16222961897768837	0.06307182778792048	1	5	-0.31579108537087996	0.05948757281483348	-0.24105930514485993	-0.4241416725460992	0.16222961897768837	0.5863712915237875	F4JTD2	Putative rRNA methyltransferase	FL
AT1G04710.1	FL	-0.07914586777980767	0.28593670422307443	0.026450835793486675	0	6	0.28593670422307443	-0.015490119751163383	0.26289178361620064	0.11311641823427374	-0.07914586777980767	0.3650825720028821	Q8LF48	3-ketoacyl-CoA thiolase 1, peroxisomal	FL
AT2G41040.1	FL	-1.9009730132962046	1.9575873602565654	2.5614021583981104	0	3	1.3544265115874259	1.9575873602565654	-0.9885210425184892	-1.9009730132962046	-0.09669307118184063	3.85856037355277	Q0WPT7	Uncharacterized methyltransferase At2g41040, chloroplastic	FL
AT4G23895.3	FL	-0.17768178598558984	0.73714872965824	0.13522887180249446	0	6	0.2623923483207664	0.11662185787405945	0.73714872965824	-0.17768178598558984	-0.12540182205394437	0.9148305156438298	F4JPD8	Nucleoside diphosphate kinase	FL
AT3G44050.1	FL	-1.2843335971154932	1.756317670905061	1.3911219655231988	0	6	-1.2843335971154932	-0.00700112991322069	0.12402913383404449	1.208870227595335	1.756317670905061	3.040651268020554	F4J1U4	Kinesin-like protein KIN-12E	FL
AT3G14790.1	FL	-0.22317843381293617	0.6448985427593379	0.12051816259454165	1	6	-0.17544098848371792	0.0795467206077791	0.6448985427593379	0.16662764879090977	-0.22317843381293617	0.868076976572274	Q9LH76	Trifunctional UDP-glucose 4,6-dehydratase/UDP-4-keto-6-deoxy-D-glucose 3,5-epimerase/UDP-4-keto-L-rhamnose-reductase RHM3	FL
AT5G13380.1	FL	-2.7698036692904133	2.096461683231945	4.269314860436518	0	3	1.8673915446983842	2.096461683231945	-1.2327595995648426	-2.7698036692904133	-0.07880322323413827	4.866265352522358	F4K2J6	Auxin-responsive GH3 family protein	FL
AT5G57040.1	FL	-0.29303006214912936	0.4478884586554838	0.09424730307681581	0	5	0.2404299808661695	0.4478884586554838	-0.29303006214912936	-0.180864118431885	-0.06626135816127676	0.7409185208046132	Q9LTR8	At5g57040	FL
AT1G74210.1	FL	-0.3970041217293045	0.6058109662561226	0.162962142361092	0	5	0.10545867004659863	0.6058109662561226	0.5183363323099538	-0.3970041217293045	0.04713126909150724	1.0028150879854272	Q9C907	Glycerophosphodiester phosphodiesterase GDPD5	FL
AT4G32150.1	FL	-0.1819486089599623	0.4359349445885933	0.05520670321615173	0	5	-0.1819486089599623	0.4359349445885933	0.23266669518764277	0.10678285669150775	-0.010493983955958039	0.6178835535485556	O49377	Vesicle-associated membrane protein 711	FL
AT4G37870.1	FL	-0.25656624510403386	0.5687344928123986	0.10299312977455867	1	6	-0.25656624510403386	0.19263023043637897	0.4662530033418792	0.5687344928123986	0.3128015541285765	0.8253007379164325	Q9T074	Phosphoenolpyruvate carboxykinase (ATP)	FL
AT4G35730.1	FL	-0.8302659091704712	0.3109769076001246	0.22776922121508222	0	5	-0.8302659091704712	0.2337540538690301	-0.42153175529237025	-0.32544678567255475	0.3109769076001246	1.1412428167705957	F4JNS8	Regulator of Vps4 activity in the MVB pathway protein	FL
AT1G69450.2	FL	-0.11868551769712861	0.5423627005596295	0.07257718604006304	0	6	-0.11868551769712861	0.5423627005596295	0.43089082380391225	0.4704742914043811	0.19903678174954437	0.6610482182567582	F4I248	CSC1-like protein At1g69450	FL
AT5G37600.1	FL	-0.42084069677626584	0.7735125336117679	0.2430856823903208	0	6	0.29682044687230197	-0.22167080319416085	-0.42084069677626584	0.4699837436246463	0.7735125336117679	1.1943532303880338	Q56WN1	Glutamine synthetase cytosolic isozyme 1-1	FL
AT5G44520.1	FL	-0.5053029133527436	0.34461748847842	0.1338473024709097	0	5	0.22216061600157827	0.34461748847842	-0.10173503587208974	-0.36713081509889756	-0.5053029133527436	0.8499204018311636	Q9FI13	Probable ribose-5-phosphate isomerase 4, chloroplastic	FL
AT3G47430.1	FL	-0.9515172378232827	0.7624422517892765	0.41267140932394886	0	4	0.4109727888628963	0.1932796548245748	-0.9515172378232827	0.7624422517892765	0.07178229074403845	1.7139594896125592	Q9STY0	Peroxisomal membrane protein 11B	FL
AT4G11010.1	FL	-0.1264241659895555	0.390981379799462	0.058185766424837235	0	6	0.3773191090463804	0.03194067939740327	0.390981379799462	-0.1264241659895555	-0.03773430902136172	0.5174055457890175	O49203	Nucleoside diphosphate kinase III, chloroplastic/mitochondrial	FL
AT1G74320.1	FL	-0.4838105128857215	0.29398337230379945	0.09781398755727073	0	5	-0.09053573733829948	0.29398337230379945	-0.4838105128857215	0.24470017302873456	-0.07015473007727317	0.777793885189521	Q8L518	Probable choline kinase 2	FL
AT5G04120.1	FL	-0.4750403201318733	0.6242482886846924	0.20926951788494558	0	6	0.10845774924021993	-0.332447087658971	0.6242482886846924	-0.4750403201318733	0.33634471463903737	1.0992886088165656	F4KI56	Metal-independent phosphoserine phosphatase	FL
AT3G01440.1	FL	-0.5660291922605238	0.45307317645971806	0.16394166153308473	0	4	0.23995698134440815	0.45307317645971806	-0.5660291922605238	-0.25754953347251425	-0.14693889980544123	1.0191023687202418	Q9SGH4	Photosynthetic NDH subunit of lumenal location 3, chloroplastic	FL
AT5G23120.1	FL	-0.11218375206556325	0.32894369266044676	0.037229287579652326	0	6	0.3020543798879577	0.32894369266044676	0.07532714054102671	-0.11218375206556325	-0.00746141181538366	0.44112744472601	O82660	Photosystem II stability/assembly factor HCF136, chloroplastic	FL
AT4G35650.1	FL	-0.33914129599243237	1.4309927165743843	0.4560835743407641	0	6	0.33432519380218356	0.424073205903349	1.4309927165743843	-0.06873548866961984	-0.33914129599243237	1.7701340125668166	O81796	Isocitrate dehydrogenase [NAD] regulatory subunit 3, mitochondrial	FL
AT5G22860.1	FL	-0.03137284131638894	0.46171447066992205	0.03912904437421085	0	6	-0.03137284131638894	0.46171447066992205	0.3826193483403069	0.4003292365353554	0.23523352603345848	0.493087311986311	Q9FFC2	Prolylcarboxypeptidase-like protein	FL
AT2G26390.1	FL	-0.8718520132591627	1.773497240662112	1.1092305404032896	0	4	-0.67916909509699	0.4110806918715292	-0.8718520132591627	0.11374711052336935	1.773497240662112	2.6453492539212746	O48706	Serpin-Z3	FL
AT5G62680.1	FL	0.2570746897719394	1.0203341580585803	0.077086471882887	0	6	0.2570746897719394	0.7502123720661508	1.0203341580585803	0.5955362695599762	0.7259093531978043	0.7632594682866409	Q9LV10	Protein NRT1/ PTR FAMILY 2.11	FL
AT5G15770.1	FL	-0.9481369336558458	1.6935218944867603	1.1229757771987763	0	4	-0.9481369336558458	1.6935218944867603	-0.5362485582678751	-0.4916360752231571	0.44851623109597977	2.641658828142606	Q9LFU9	Glucosamine 6-phosphate N-acetyltransferase	FL
AT1G44170.2	FL	-0.4088044403326669	0.3657785001809222	0.0990615061864072	0	6	0.12542712222602553	0.3657785001809222	0.30018885355156133	-0.4088044403326669	-0.08490551713042711	0.7745829405135891	Q70DU8	Aldehyde dehydrogenase family 3 member H1	FL
AT4G13350.2	FL	-0.1288698617692413	0.12884588458743143	0.008668135441574666	1	6	-0.02593166084863559	-0.043875251350044296	0.12884588458743143	-0.1288698617692413	-0.027792014850957874	0.2577157463566727	Q8W4K6	At4g13350	FL
AT1G73630.1	FL	-0.3669639145223217	1.577036816834473	0.5953626080014798	1	6	0.011289707103721531	0.268120241288654	1.577036816834473	0.9227872199157773	-0.3669639145223217	1.9440007313567946	Q9C9U8	Probable calcium-binding protein CML26	FL
AT3G13640.1	FL	-0.402015700067838	0.4007843298063077	0.10471832158388594	0	6	0.20693404999167256	0.13484156387312007	-0.402015700067838	0.4007843298063077	-0.19906728022430095	0.8028000298741457	Q9LID6	ABC transporter E family member 1	FL
AT5G28470.1	FL	-1.2843657905955617	1.3454790353583437	0.9884041885405633	0	3	0.5302016754699346	1.3454790353583437	0.20731254981091302	-1.2843657905955617	-0.4416957894943051	2.6298448259539056	Q3E8X3	Protein NRT1/ PTR FAMILY 2.8	FL
AT2G14750.1	FL	-0.1421821093470911	0.2840972730496912	0.03893684721614975	0	6	-0.1421821093470911	0.17137957078784258	0.2840972730496912	0.25505256086585876	-0.08471780585074166	0.4262793823967823	Q43295	Adenylyl-sulfate kinase 1, chloroplastic	FL
AT4G01310.1	FL	-0.40430240250304555	0.27661577277215	0.0801184346116065	0	5	0.27661577277215	0.24393861410660672	-0.40430240250304555	-0.14557277021584458	-0.011582882429109388	0.6809181752751956	O04603	50S ribosomal protein L5, chloroplastic	FL
AT5G23395.1	FL	-0.7002737416823099	0.2888281307917713	0.1589315225575069	0	4	-0.02643229174190551	0.2515168113420496	-0.7002737416823099	0.2888281307917713	-0.1377243049946674	0.9891018724740812	Q8GYJ4	Mitochondrial intermembrane space import and assembly protein 40 homolog	FL
AT3G47700.1	FL	-0.22840935724277628	0.41863067711553514	0.06835978771804424	0	6	-0.06795874613440704	0.28022731546788593	0.16553068433710266	0.41863067711553514	-0.22840935724277628	0.6470400343583114	Q9STU3	RINT1-like protein MAG2	FL
AT3G58750.1	FL	-0.267268743806955	1.1217409268691465	0.27707840934698597	0	6	0.14536232845327024	0.3208600334311637	1.1217409268691465	-0.006270084232837243	-0.267268743806955	1.3890096706761015	Q9LXS6	Citrate synthase 2, peroxisomal	FL
AT4G04340.3	FL	-0.3313515227704272	0.1757180277246461	0.036961393728804165	1	5	0.017990975513551773	0.1757180277246461	-0.3313515227704272	-0.17724819512258422	-0.09543198278252182	0.5070695504950733	Q9XEA1	Protein OSCA1	FL
AT3G55440.1	FL	-0.18027335323141377	0.2634304946106699	0.036115207845820015	0	6	0.2634304946106699	0.0796403230165579	0.25050008775681115	-0.18027335323141377	-0.03887953967063614	0.4437038478420837	P48491	Triosephosphate isomerase, cytosolic	FL
AT5G23910.1	FL	-2.0325398660267906	1.3979169049579503	1.549018843559076	1	3	1.3979169049579503	0.3417460775912667	-2.0325398660267906	-0.25950469049701	-0.07857986024202618	3.430456770984741	F4KEC6	Kinesin-like protein KIN-10C	FL
AT1G20810.1	FL	-0.06946127269861635	0.32199090951852005	0.03015249763892374	0	6	0.32199090951852005	0.2715101879011388	-0.06946127269861635	-0.012239500421733275	0.05971993907591069	0.3914521822171364	Q9LM71	Peptidyl-prolyl cis-trans isomerase FKBP18, chloroplastic	FL
AT2G36880.2	FL	-0.2016821821980077	0.5452204523807274	0.09982781513873118	0	6	0.15305319133206421	0.2361560935713392	0.5452204523807274	-0.19826589534450095	-0.2016821821980077	0.7469026345787351	Q9SJL8	S-adenosylmethionine synthase 3	FL
AT3G28715.1	FL	-0.2666401073946214	0.3919593325731921	0.06265177992348522	0	6	0.3919593325731921	0.23233803905187478	-0.017041175748177963	0.05750627575687779	-0.2666401073946214	0.6585994399678134	Q9LHA4	V-type proton ATPase subunit d2	FL
AT4G31390.1	FL	-0.21029216484263014	0.5449419629221328	0.08303070881618826	0	6	0.365270855325408	0.5449419629221328	0.3129744279672949	-0.21029216484263014	0.11157447246040601	0.755234127764763	Q8RWG1	Protein ACTIVITY OF BC1 COMPLEX KINASE 1, chloroplastic	FL
AT5G08030.1	FL	-2.7033447046522414	1.7922977237767554	2.725940635079439	0	3	0.5067898234935888	1.7922977237767554	0.3376486031748626	-2.7033447046522414	-0.1471583067100632	4.495642428428997	Q9SD81	Glycerophosphodiester phosphodiesterase GDPD6	FL
AT2G42790.1	FL	-0.013575830403611691	0.31840810225833643	0.022215545400581387	0	6	-0.013575830403611691	0.004365857209228605	0.26229853630098265	0.31840810225833643	0.15545816527955902	0.33198393266194814	Q9SJH7	Citrate synthase 3, peroxisomal	FL
AT5G09550.1	FL	-0.4905785628172138	2.717308485424839	1.5734887616368138	0	6	-0.06194532052094332	0.24756237083381602	2.717308485424839	0.33093686599794747	-0.4905785628172138	3.207887048242053	Q9LXC0	Guanosine nucleotide diphosphate dissociation inhibitor At5g09550	FL
AT3G22740.1	FL	-0.35960377259603227	2.1474248775792426	1.1557725436079758	0	6	-0.32248466110505397	0.2860190568646401	2.1474248775792426	-0.3232047842699459	-0.35960377259603227	2.507028650175275	Q8LAX0	Homocysteine S-methyltransferase 3	FL
AT1G51420.1	FL	-0.38251473007193415	0.7441391196564455	0.21917130419204728	0	6	-0.38251473007193415	0.3863169136363182	0.7441391196564455	-0.04394382455091723	-0.25608274587721336	1.1266538497283798	Q9C8J4	Probable sucrose-phosphatase 1	FL
AT5G64840.1	FL	-0.6238231973289048	0.30433042347769623	0.14815799085097833	0	1	0.2305776488455803	0.06489896916475507	-0.26491000841071544	-0.6238231973289048	0.30433042347769623	0.928153620806601	Q9LV93	ABC transporter F family member 5	FL
AT4G11980.1	FL	-0.2811212997198772	0.3835297434153251	0.06385023011612054	0	6	0.3835297434153251	0.22481923693240452	0.033099718638249294	-0.2811212997198772	-0.022258866426141208	0.6646510431352023	Q9SZ63	Nudix hydrolase 14, chloroplastic	FL
AT4G08350.1	FL	-0.33521425226319923	0.07327459298503299	0.023613832996873446	1	6	-0.17607672852118525	-0.04584582149125608	-0.17272674446939218	-0.33521425226319923	0.07327459298503299	0.4084888452482322	Q9STN3	Putative transcription elongation factor SPT5 homolog 1	FL
AT1G63180.1	FL	-0.828580316947753	1.219344413674467	0.5625958059958429	0	1	0.2851652057331375	0.18576248760158393	1.219344413674467	-0.828580316947753	-0.21300203438793724	2.04792473062222	Q8LDN8	Bifunctional UDP-glucose 4-epimerase and UDP-xylose 4-epimerase 3	FL
AT1G28130.1	FL	0.06266478102606664	0.5447014574504636	0.042247962063105084	0	6	0.16123667068263953	0.06266478102606664	0.3466071110991243	0.48237954701227137	0.5447014574504636	0.48203667642439696	Q9FZ87	Indole-3-acetic acid-amido synthetase GH3.17	FL
AT3G04080.1	FL	-0.3306726254211077	0.3778713786266487	0.08038359050236597	0	6	0.3205621049157225	-0.00241246203576013	0.3778713786266487	0.09433242263940725	-0.3306726254211077	0.7085440040477564	Q9SQG2	Apyrase 1	FL
AT1G09430.1	FL	-0.3810232955037675	0.2775624284728978	0.0739846595455939	0	6	0.11479176041471517	0.2775624284728978	0.2049779919202719	-0.3810232955037675	-0.1402911235782167	0.6585857239766653	O80526	ATP-citrate synthase alpha chain protein 3	FL
AT2G33845.1	FL	-0.6250948371801297	0.34434896141198357	0.1389074400769311	0	4	0.21631287804299953	-0.00037801049355245663	-0.6250948371801297	0.34434896141198357	0.010459726505136971	0.9694437985921133	Q8RYC3	Expressed protein	FL
AT3G22750.1	FL	-0.4755752562725381	1.6421812032004655	0.6310021927190355	0	6	0.39432414212861555	0.23469441536390853	0.9446022085271519	1.6421812032004655	-0.4755752562725381	2.1177564594730036	Q9LUI6	Kinase-like protein	FL
AT4G37660.1	FL	-1.2005924540950583	0.6104837962119085	0.6168972046326673	0	1	-0.7649893528333289	-0.12683039898569237	0.6104837962119085	-1.2005924540950583	0.49641567490949823	1.8110762503069668	Q9SZF8	AT4g37660/F19F18_150	FL
AT1G70820.1	FL	-0.0770372231101258	0.3323051896782918	0.03357291551787306	0	6	0.3323051896782918	0.29389206299077675	0.08219644261514227	-0.01699701277372039	-0.0770372231101258	0.4093424127884176	Q9SSL0	At1g70820	FL
AT3G06480.1	FL	-0.4098652698031703	0.03523786596081584	0.030699462343657603	1	6	0.03523786596081584	-0.04650224184618891	-0.4098652698031703	-0.07900609192749734	-0.2231163024559445	0.44510313576398614	Q9SQV1	DEAD-box ATP-dependent RNA helicase 40	FL
AT1G02305.1	FL	-0.010462613233574777	0.36240721302843476	0.023258311084701392	0	6	-0.010462613233574777	0.27382130869146337	0.32305482060951274	0.36240721302843476	0.14163153406202203	0.37286982626200954	Q93VC9	Cathepsin B-like protease 2	FL
AT3G12740.1	FL	-0.30141369704479243	0.2900662027337575	0.06576543514899225	0	6	0.23662606997850363	0.2900662027337575	0.22584855088042646	-0.30141369704479243	-0.08706996969997849	0.59147989977855	Q9LTW0	ALA-interacting subunit 1	FL
AT5G03160.1	FL	-0.6488915316788637	0.42808241392845486	0.1823269331817257	0	4	0.42808241392845486	0.1338742295807635	-0.6488915316788637	0.31479050442779344	-0.10488917039226596	1.0769739456073186	Q9LYW9	DnaJ protein P58IPK homolog	FL
AT1G08510.1	FL	-0.4508625325273099	0.6706499567624526	0.1789836035750274	0	6	0.2665497786901877	0.0016552262495921957	0.6706499567624526	-0.1314004300860645	-0.4508625325273099	1.1215124892897625	Q9SJE2	Palmitoyl-acyl carrier protein thioesterase, chloroplastic	FL
AT3G08790.1	FL	-0.8911579035696974	1.8928945615442596	1.3361014127263218	0	1	0.26701975378497284	-0.5100212359252638	1.8928945615442596	-0.8911579035696974	-0.7975421030899866	2.784052465113957	Q9C9Y1	TOM1-like protein 8	FL
AT1G79440.1	FL	-0.20176575877192393	0.47744682559876545	0.07314109589536985	0	6	0.2120004736971078	0.11804945976139175	0.47744682559876545	-0.20176575877192393	-0.11490145321761222	0.6792125843706893	Q9SAK4	Succinate-semialdehyde dehydrogenase, mitochondrial	FL
AT4G10040.1	FL	-0.32516127023308106	1.1863135701899983	0.3069531483916679	0	6	0.35755900815221575	0.4009024685308832	0.08482763697574738	1.1863135701899983	-0.32516127023308106	1.5114748404230793	Q9T0G2	Cytochrome c-2	FL
AT5G62880.1	FL	-0.3906531695646539	0.28927062435247664	0.10106038933373038	0	6	-0.020719994832489447	0.28927062435247664	0.23702889855230175	-0.3498251504496619	-0.3906531695646539	0.6799237939171305	O82481	Rac-like GTP-binding protein ARAC10	FL
