AT1G01120.1	12801.0	16205.0	13675.0	14821.0	22701.0	26009.0
AT1G01960.1	125410.0	106540.0	100470.0	76570.0	74668.0	67735.0
AT1G02010.1	2569.8	2220.1	1868.2	6141.2	5727.8	4641.3
AT1G02330.1	5155.9	6261.6	4769.9	2868.1	3667.6	2663.3
AT1G02730.1	12458.0	7395.7	7763.3	5544.2	3419.3	4426.3
AT1G02840.1	44187.0	48636.0	47245.0	46735.0	28355.0	29671.0
AT1G02840.1	32787.0	34243.0	32280.0	33573.0	20412.0	22056.0
AT1G03590.1	14119.0	13422.0	13569.0	12029.0	9400.9	9902.4
AT1G04410.1	1201.9	1442.7	1944.7	1570.5	2158.8	1754.1
AT1G04450.1	210.25	197.51	0.0	2778.4	2987.4	2283.8
AT1G04950.3	12584.0	8959.0	7264.5	5327.9	5464.5	4952.5
AT1G06550.1	10144.0	8112.7	6437.7	8060.3	8730.8	10424.0
AT1G07110.1	6603.5	6041.0	7138.1	7020.4	6266.0	6363.6
AT1G07110.1	41551.0	33633.0	35162.0	35830.0	32303.0	36974.0
AT1G07110.1	0.0	0.0	0.0	0.0	0.0	0.0
AT1G07110.1	0.0	0.0	0.0	0.0	0.0	0.0
AT1G07110.1	16477.0	16980.0	19139.0	23523.0	19797.0	19617.0
AT1G07350.1	0.0	0.0	0.0	0.0	0.0	0.0
AT1G07705.2	6437.9	7227.2	8913.7	8175.5	6092.4	6712.4
AT1G07705.2	8454.1	7146.4	5969.6	5256.6	4654.6	4435.1
AT5G22880.1	2970.2	3407.3	2935.7	2636.0	2343.6	1505.4
AT5G22880.1	4951.4	5533.2	4861.8	4555.0	3477.8	2776.2
AT1G08640.1	0.0	0.0	0.0	0.0	0.0	0.0
AT1G08700.1	1998.1	1491.9	1424.4	1812.6	970.28	1282.6
AT1G09520.1	21396.0	23882.0	24214.0	20074.0	12907.0	13523.0
AT1G09780.1	0.0	0.0	0.0	0.0	0.0	0.0
AT1G09780.1	0.0	0.0	0.0	0.0	0.0	0.0
AT1G10090.1	8970.3	7103.3	6274.7	7249.0	10107.0	7769.8
AT1G10290.1	0.0	0.0	0.0	0.0	0.0	0.0
AT1G10290.1	0.0	0.0	0.0	0.0	0.0	0.0
AT1G10290.1	52405.0	43490.0	45585.0	50745.0	44290.0	44691.0
AT1G10290.1	0.0	0.0	0.0	0.0	0.0	0.0
AT1G10290.1	12362.0	12354.0	13002.0	14870.0	12792.0	9055.8
AT1G59610.1	11490.0	9911.1	7661.0	3107.8	4450.6	6265.5
AT1G59610.1	127410.0	109770.0	115920.0	117360.0	99219.0	65499.0
AT1G10290.1	8579.1	7396.4	7824.6	11058.0	11735.0	8247.4
AT1G10290.1	3181.4	3599.9	2076.8	1938.6	983.99	2153.6
AT1G10385.1	0.0	0.0	0.0	0.0	0.0	0.0
AT1G12000.1	29667.0	19460.0	16605.0	16098.0	11941.0	12156.0
AT1G12360.1	2074.0	1735.5	2425.9	2086.0	2416.6	1826.3
AT1G12360.1	8420.4	6659.9	7657.3	8171.7	8759.3	6886.1
AT1G12910.1	7138.8	6073.1	4482.6	4606.2	3727.6	4356.5
AT1G12930.1	13606.0	12679.0	13207.0	11375.0	11991.0	10696.0
AT1G13020.1	1337.0	2970.8	2746.9	2069.8	2728.2	2495.0
AT1G13020.1	1028.9	965.17	1238.7	1963.8	1360.8	1044.7
AT1G13020.1	0.0	0.0	0.0	0.0	0.0	0.0
AT3G04120.1	25152.0	33647.0	19969.0	11538.0	19575.0	19218.0
AT3G04120.1	3666.8	7239.9	7691.1	10443.0	9004.4	7934.8
AT1G14040.1	0.0	0.0	0.0	0.0	0.0	0.0
AT1G14460.1	4900.8	4952.1	5738.6	4226.5	4102.1	4463.3
AT1G14460.1	9497.3	8635.6	8449.1	7645.2	6841.9	6886.1
AT1G14510.1	18953.0	9777.4	3575.5	1917.6	4054.2	4438.1
AT1G14570.2	2638.4	2304.0	1973.9	2220.0	1714.3	1951.1
AT1G15340.1	6779.2	6601.7	7086.4	4691.1	3197.8	3830.9
AT1G15940.1	9583.7	7194.5	6436.9	5356.4	4693.3	4690.9
AT1G15940.1	9583.7	7194.5	6436.9	5356.4	4693.3	4690.9
AT1G15940.1	16297.0	18432.0	19592.0	15124.0	11397.0	12706.0
AT1G15940.1	0.0	0.0	0.0	0.0	0.0	0.0
AT1G15940.1	26804.0	18603.0	17967.0	12921.0	8677.6	10255.0
AT1G16860.1	15646.0	15040.0	14462.0	16346.0	14763.0	12133.0
AT1G16860.1	13484.0	9549.1	10664.0	13678.0	9162.6	11257.0
AT1G16860.1	24118.0	26979.0	28673.0	27384.0	19700.0	15869.0
AT1G16860.1	12536.0	10775.0	9649.5	14916.0	11834.0	12209.0
AT1G78880.1	1386.6	5657.4	4849.1	5022.2	2224.6	2141.7
AT1G78880.1	2419.8	8310.7	6816.6	3936.5	2832.7	2664.8
AT1G78880.1	1386.6	5657.4	4849.1	5022.2	2224.6	2141.7
AT1G17210.1	26896.0	24228.0	27058.0	27739.0	20581.0	20032.0
AT1G17210.1	19234.0	17259.0	16121.0	15434.0	11601.0	12105.0
AT1G17210.1	10266.0	11781.0	11841.0	11472.0	8527.4	8767.9
AT1G17210.1	5215.0	4483.3	5205.3	6729.6	4276.8	4463.2
AT1G17210.1	8239.6	6414.5	5140.8	6258.9	3932.7	5281.4
AT1G17210.1	7340.6	4905.8	3218.0	2794.6	2430.3	2659.4
AT1G17210.1	13629.0	11506.0	9368.4	9054.8	8229.5	7522.9
AT1G17210.1	6502.6	7451.1	7130.7	6812.7	5221.9	5869.0
AT1G17210.1	8616.5	7382.8	7339.8	9025.6	5977.3	6281.5
AT1G17210.1	6909.5	8297.2	9838.5	10064.0	12061.0	8034.5
AT1G17210.1	11898.0	13079.0	13730.0	11144.0	10095.0	9371.1
AT1G17210.1	2977.5	3193.0	3707.5	5670.4	2810.8	2784.8
AT1G73030.1	9065.7	7995.4	7310.0	4462.0	5932.5	7007.7
AT1G18040.1	5433.8	4053.2	4700.5	4007.3	2573.6	3478.3
AT1G18190.1	4795.3	7014.9	8597.3	15305.0	14577.0	12104.0
AT1G18190.1	4915.0	4262.1	4598.5	5006.7	3877.7	3603.0
AT1G18190.1	6614.9	7849.5	6813.5	5110.8	4577.4	6406.2
AT1G18740.1	6908.9	5094.7	3580.6	3213.5	2868.8	4069.8
AT1G18950.1	2014.8	2242.5	1819.5	1411.1	1211.0	1656.6
AT1G18950.1	0.0	0.0	0.0	0.0	0.0	0.0
AT1G19870.1	3685.9	2959.4	3321.5	3095.8	2227.9	2369.3
AT1G19870.1	0.0	0.0	0.0	0.0	0.0	0.0
AT1G19870.1	54059.0	38046.0	36126.0	29294.0	18506.0	19391.0
AT1G19870.1	21336.0	20492.0	18938.0	19625.0	19402.0	17136.0
AT1G19870.1	24989.0	22385.0	19989.0	17122.0	15150.0	17814.0
AT1G19870.1	3476.0	4064.5	4018.3	4557.7	3559.7	4106.7
AT1G19870.1	15541.0	17283.0	20957.0	16513.0	16690.0	16072.0
AT1G19870.1	10281.0	16411.0	15907.0	12375.0	11421.0	10563.0
AT1G19870.1	5835.2	4635.9	5012.2	4227.4	4160.2	4042.6
AT1G20110.1	2580.4	2435.3	2132.9	2198.1	1961.8	2308.9
AT1G20110.1	7308.8	6410.4	7335.6	8718.5	7992.2	7005.6
AT1G20110.1	3815.3	3403.8	2995.3	4168.4	2315.6	3908.7
AT1G20110.1	12212.0	8300.6	7997.5	10293.0	8507.7	10594.0
AT1G20110.1	14635.0	8205.3	5799.4	5609.3	5642.0	8262.0
AT1G20110.1	14635.0	8205.3	5799.4	5609.3	5642.0	8262.0
AT1G20580.1	5604.3	5374.3	5486.4	4064.3	3290.4	3837.4
AT1G20760.1	55256.0	53899.0	55660.0	54158.0	49917.0	62394.0
AT1G20760.1	13016.0	9848.2	11053.0	11060.0	9695.2	14622.0
AT1G20760.1	3635.8	3522.7	3846.5	4393.2	3172.0	3705.4
AT1G20760.1	9915.0	11720.0	10692.0	10016.0	10789.0	13899.0
AT1G20760.1	105640.0	103430.0	105160.0	106080.0	99630.0	93758.0
AT1G20760.1	66783.0	57993.0	56126.0	63640.0	54477.0	53521.0
AT1G70290.1	22521.0	16466.0	15617.0	10439.0	10939.0	11621.0
AT1G59900.1	14432.0	12205.0	14865.0	29536.0	28442.0	21849.0
AT1G59900.1	2380.7	1465.0	2158.2	4069.6	3671.4	2784.8
AT1G26120.1	11244.0	17520.0	16310.0	19022.0	23652.0	21164.0
AT1G26630.1	42249.0	31219.0	22982.0	21717.0	19219.0	22220.0
AT1G26630.1	37414.0	31582.0	17519.0	15926.0	16040.0	18707.0
AT1G27100.1	0.0	0.0	0.0	0.0	0.0	0.0
AT1G27100.1	8940.7	9347.6	9047.1	8320.6	5974.5	6760.6
AT1G27430.1	1957.1	1558.2	1793.1	2130.9	1319.9	1550.4
AT1G27430.1	0.0	0.0	0.0	0.0	0.0	0.0
AT1G27430.1	4829.8	5535.2	5704.8	5067.2	4092.1	4816.1
AT1G27595.1	9181.1	9254.5	9554.0	9118.5	6480.3	6041.4
AT1G27595.1	8475.8	6294.8	5361.6	4620.2	4300.4	5111.4
AT1G27850.1	0.0	0.0	0.0	0.0	0.0	0.0
AT1G27850.1	2281.9	2466.4	1757.4	1841.4	1217.1	1933.3
AT1G27850.1	12986.0	11370.0	9851.1	7827.4	6110.0	7337.2
AT1G27850.1	2138.8	1987.6	1897.3	2044.4	1685.9	1606.1
AT1G27850.1	0.0	0.0	0.0	0.0	0.0	0.0
AT1G29530.1	10311.0	10049.0	8907.6	8285.6	6014.3	4250.9
AT1G29530.1	6014.4	4906.0	5463.0	5181.3	4017.6	4129.2
AT1G29930.1	8114.1	8121.7	8406.6	5657.1	3925.3	3988.3
AT1G29930.1	6619.5	7876.3	7585.3	5638.1	5139.0	5518.8
AT1G30320.1	26485.0	29453.0	36127.0	23899.0	14774.0	15535.0
AT1G30480.1	0.0	0.0	0.0	0.0	0.0	0.0
AT1G30480.1	0.0	0.0	0.0	0.0	0.0	0.0
AT1G30480.1	29008.0	24501.0	22116.0	19566.0	13187.0	15932.0
AT1G31330.1	7955.4	11415.0	11234.0	4839.7	5874.4	6246.7
AT1G31730.1	0.0	0.0	0.0	0.0	0.0	0.0
AT1G31870.2	29386.0	29609.0	27402.0	25267.0	18462.0	19635.0
AT1G31870.2	50316.0	57364.0	52192.0	38977.0	32220.0	35491.0
AT1G31870.2	75369.0	69902.0	68547.0	54574.0	45840.0	48742.0
AT1G31870.2	76895.0	77248.0	72025.0	66541.0	50827.0	50298.0
AT1G31870.2	2316.1	2520.3	2014.6	2434.3	1540.2	1853.7
AT1G31870.2	10584.0	10288.0	10631.0	8264.5	6421.9	6692.8
AT1G31870.2	82797.0	81259.0	76530.0	63527.0	47555.0	51295.0
AT1G31870.2	0.0	0.0	0.0	0.0	0.0	0.0
AT1G31870.2	53359.0	61854.0	61356.0	55147.0	39139.0	38829.0
AT1G31870.2	24408.0	26997.0	28444.0	29538.0	18826.0	19259.0
AT1G31870.2	6028.3	6182.1	4661.1	4478.9	3244.3	3875.1
AT1G31870.2	6028.3	6182.1	4661.1	4478.9	3244.3	3875.1
AT1G31870.2	2777.2	2739.1	3942.8	2896.7	2156.2	2356.2
AT1G31870.2	2777.2	2739.1	3942.8	2896.7	2156.2	2356.2
AT1G31870.2	9793.0	10544.0	9418.7	7751.0	5440.3	5780.0
AT1G32090.1	3263.7	3589.4	3125.8	3013.2	2344.7	2213.3
AT1G32400.3	10000.0	10607.0	9275.7	9367.8	9036.1	9886.6
AT1G32400.3	6457.2	6812.8	6899.6	7898.6	5934.8	5159.0
AT1G33680.1	0.0	0.0	0.0	0.0	0.0	0.0
AT1G33680.1	0.0	0.0	0.0	0.0	0.0	0.0
AT1G33680.1	54859.0	49998.0	47223.0	38011.0	30237.0	32051.0
AT1G35580.2	9501.0	9636.1	8609.7	8104.0	6464.8	5846.3
AT1G35580.2	32473.0	33985.0	34927.0	28330.0	19416.0	18943.0
AT1G35580.2	29206.0	31927.0	25557.0	18198.0	13942.0	14432.0
AT1G35580.2	21521.0	21382.0	22452.0	15228.0	10454.0	10604.0
AT1G42470.1	6336.4	5343.5	5859.1	5747.1	4593.8	3213.6
AT1G42550.1	22181.0	26674.0	30567.0	26923.0	17624.0	21123.0
AT1G42550.1	21318.0	23274.0	28527.0	30048.0	18639.0	27445.0
AT1G42550.1	24254.0	29573.0	32971.0	29165.0	19629.0	15474.0
AT1G43700.1	0.0	0.0	0.0	0.0	0.0	0.0
AT3G56850.1	0.0	0.0	0.0	0.0	0.0	0.0
AT1G45688.1	9314.0	9967.9	9362.1	8824.8	6148.7	5813.8
AT1G45688.1	5532.8	6310.0	5991.4	5257.1	5684.6	3837.4
AT1G45688.1	5532.8	6310.0	5991.4	5257.1	5684.6	3837.4
AT1G45688.1	24668.0	22462.0	22311.0	19342.0	19328.0	15076.0
AT1G47200.1	23035.0	27961.0	28909.0	29185.0	25501.0	24689.0
AT1G47250.1	3698.0	3280.8	3262.4	3025.1	2290.6	2631.7
AT1G47490.1	0.0	0.0	0.0	0.0	0.0	0.0
AT1G48120.1	5300.1	5534.9	4659.4	4086.7	3156.8	3849.3
AT1G48920.1	16905.0	11715.0	10845.0	9020.1	6838.6	6569.0
AT1G48920.1	28347.0	19626.0	19647.0	15204.0	10760.0	11826.0
AT1G49040.1	13801.0	12029.0	11645.0	11942.0	12981.0	11983.0
AT1G49580.1	4026.5	2994.7	3325.9	2461.0	2609.9	2304.4
AT1G49580.1	5376.8	4222.6	4325.2	3168.5	3207.4	2959.5
AT2G41140.1	56767.0	53319.0	51217.0	48661.0	42381.0	38816.0
AT5G54900.1	18181.0	12122.0	8913.9	6200.5	5860.6	6602.9
AT1G49710.1	0.0	0.0	0.0	0.0	0.0	0.0
AT1G49890.1	3226.4	4607.9	3852.2	2746.7	1749.7	2236.5
AT1G49890.1	0.0	0.0	0.0	0.0	0.0	0.0
AT1G49890.1	0.0	0.0	0.0	0.0	0.0	0.0
AT1G49950.3	0.0	0.0	0.0	0.0	0.0	0.0
AT1G49950.3	57052.0	47553.0	44719.0	28093.0	22426.0	27617.0
AT1G50110.1	10669.0	10524.0	8747.9	5071.3	4761.9	6272.1
AT1G50120.1	6291.9	5096.2	7002.4	5595.7	4951.5	6997.5
AT1G50920.1	3706.2	2761.4	2447.1	2341.3	1696.5	1959.2
AT1G51500.1	2358.7	2583.0	2177.2	3386.6	3092.3	2413.6
AT1G51500.1	8599.6	8035.7	8203.4	9360.0	10175.0	9082.3
AT1G52190.1	0.0	0.0	0.0	0.0	0.0	0.0
AT1G52780.1	0.0	0.0	0.0	0.0	0.0	0.0
AT1G53310.3	3697.2	2060.8	2578.7	2354.5	2371.8	2940.8
AT1G53440.1	7681.4	8581.6	7536.4	7229.6	5889.4	6763.1
AT1G54270.1	5907.9	4934.3	5506.9	4749.0	4425.9	3544.3
AT1G54270.1	1310.8	930.64	1280.4	1116.1	1058.8	949.06
AT1G54450.1	6599.6	7548.3	6562.7	6438.6	13973.0	32494.0
AT1G54450.1	0.0	0.0	0.0	0.0	0.0	0.0
AT1G54490.1	2658.6	3070.2	3131.3	2666.0	2366.3	1955.6
AT3G13470.1	6992.7	7320.8	6534.6	4902.2	4115.4	3583.4
AT1G55620.2	6187.5	5553.1	4753.4	8009.6	7445.5	7315.1
AT1G55620.2	940.98	765.42	624.22	813.16	648.45	1254.8
AT1G55860.1	10102.0	9321.7	9664.1	9621.7	8985.7	7998.1
AT1G55860.1	10623.0	9443.9	9934.4	10301.0	8971.8	8569.6
AT1G55860.1	0.0	0.0	0.0	0.0	0.0	0.0
AT1G70320.1	0.0	0.0	0.0	0.0	0.0	0.0
AT1G56290.1	6758.5	5075.3	5776.9	3471.0	2812.0	2898.4
AT1G59359.1	0.0	0.0	0.0	0.0	0.0	0.0
AT1G59610.1	0.0	0.0	0.0	0.0	0.0	0.0
AT1G59610.1	0.0	0.0	0.0	0.0	0.0	0.0
AT1G59610.1	0.0	0.0	0.0	0.0	0.0	0.0
AT1G59610.1	59294.0	54921.0	56405.0	71295.0	67363.0	61658.0
AT1G59610.1	6474.5	6783.5	8393.2	13325.0	12860.0	8838.1
AT1G59710.1	27824.0	28228.0	29179.0	42866.0	42493.0	42250.0
AT1G59820.1	1821.6	1790.0	1121.7	1407.2	2010.4	1574.2
AT2G21390.1	0.0	0.0	0.0	0.0	0.0	0.0
AT2G21390.1	0.0	0.0	0.0	0.0	0.0	0.0
AT1G62330.1	0.0	0.0	0.0	0.0	0.0	0.0
AT1G62330.1	3629.6	2976.7	2640.6	1997.0	1754.3	2185.6
AT1G64080.1	0.0	0.0	0.0	0.0	0.0	0.0
AT1G64080.1	8794.4	5295.0	4077.6	3016.7	1774.4	2083.7
AT1G64080.1	0.0	0.0	0.0	0.0	0.0	0.0
AT1G64080.1	0.0	0.0	0.0	0.0	0.0	0.0
AT1G64190.1	0.0	0.0	0.0	0.0	0.0	0.0
AT1G64370.1	1258.6	1385.7	1337.9	1533.8	1887.0	2020.1
AT1G65030.1	63267.0	42554.0	40046.0	33677.0	24134.0	29518.0
AT1G66150.1	1862.7	2154.7	1290.6	1597.8	1415.5	1573.1
AT1G66150.1	2434.2	2096.4	1897.9	1895.9	1346.1	1656.6
AT1G66150.1	4543.9	3685.3	3881.9	3668.8	2589.9	3043.7
AT1G66150.1	0.0	0.0	0.0	0.0	0.0	0.0
AT1G66750.1	10846.0	7165.9	6988.4	8083.7	8046.7	5236.8
AT1G66750.1	10846.0	7165.9	6988.4	8083.7	8046.7	5236.8
AT1G67090.1	3442.7	3468.8	3272.0	2877.8	2045.6	2581.8
AT1G67120.1	3363.3	3546.7	2282.8	2812.4	2594.0	2883.9
AT1G67230.1	16051.0	15933.0	17960.0	13526.0	10763.0	9205.2
AT1G67230.1	20773.0	16482.0	15254.0	13464.0	10335.0	11483.0
AT1G67230.1	6189.6	5708.8	4663.6	4061.3	3941.1	3613.3
AT1G67230.1	10528.0	8761.8	9689.2	8285.3	6400.7	5877.0
AT1G67230.1	205400.0	115980.0	83124.0	62009.0	51234.0	74862.0
AT1G67230.1	819.04	690.83	1339.9	654.12	772.59	686.62
AT1G67230.1	5863.3	5079.9	5494.3	5191.7	4378.5	5052.1
AT1G68830.1	4294.6	5505.5	5506.7	5273.0	4926.5	3578.0
AT1G69260.1	0.0	0.0	0.0	0.0	0.0	0.0
AT1G69870.1	15290.0	15356.0	15720.0	35572.0	39892.0	40875.0
AT1G69870.1	4968.5	6495.3	5745.4	10635.0	15919.0	11020.0
AT1G69980.1	0.0	0.0	0.0	0.0	0.0	0.0
AT1G70320.1	0.0	0.0	0.0	0.0	0.0	0.0
AT1G70940.1	1469.8	1811.5	1485.0	2451.8	7160.7	6651.1
AT1G70940.1	3174.5	4387.7	3829.0	6320.9	12570.0	13397.0
AT1G71010.1	1194.6	1224.3	1147.7	1094.7	980.36	861.3
AT1G71010.1	4370.2	4714.1	4243.4	5121.3	3189.1	3650.5
AT1G71080.1	3156.9	2802.5	2656.2	2825.1	1652.5	2521.7
AT1G71900.1	24326.0	19064.0	19620.0	20154.0	16914.0	19425.0
AT1G72340.1	6181.0	5888.4	4535.1	4789.0	3631.8	5305.2
AT1G72340.1	22285.0	22907.0	23228.0	26940.0	19474.0	20063.0
AT1G72790.1	6182.3	6209.2	5856.4	6616.4	5589.5	4890.5
AT1G73450.1	3589.7	2923.2	2809.2	2072.0	1795.3	2412.2
AT1G73630.1	2861.2	2501.4	3541.3	5518.0	9252.0	6572.1
AT1G73670.1	2337.2	2225.5	2246.4	1328.6	2134.2	2543.0
AT1G74030.1	6997.2	6733.5	7143.3	6826.7	3780.4	4153.5
AT1G74160.1	5874.2	5013.5	3464.1	3962.1	3127.3	3877.0
AT1G74720.1	2131.1	1649.6	1575.2	2127.9	1368.3	1349.9
AT1G74720.1	2449.8	1306.2	2018.6	1254.7	1255.9	1173.0
AT1G75100.1	1648.3	3301.0	3890.9	3739.6	2376.8	1836.3
AT1G75100.1	1908.2	2426.7	3852.0	2915.2	2515.3	1947.0
AT1G75100.1	3519.3	5989.2	7276.2	5458.2	3365.7	2547.7
AT1G75220.1	10705.0	9550.3	9800.3	14541.0	14324.0	12140.0
AT1G76810.1	30081.0	37917.0	39971.0	42735.0	35291.0	37869.0
AT1G76850.1	3273.5	3153.2	2348.7	1917.7	2200.7	2380.4
AT1G76850.1	42298.0	34809.0	32517.0	28108.0	20433.0	28889.0
AT1G76850.1	30125.0	30253.0	32231.0	25970.0	21111.0	24569.0
AT1G76850.1	40618.0	34577.0	26279.0	22779.0	26401.0	28900.0
AT1G77180.2	5290.4	4726.0	4665.4	4301.8	3580.6	3634.3
AT1G77180.2	5290.4	4726.0	4665.4	4301.8	3580.6	3634.3
AT1G77180.2	0.0	0.0	0.0	0.0	0.0	0.0
AT1G77300.1	0.0	0.0	0.0	0.0	0.0	0.0
AT1G77300.1	6857.8	4952.4	4620.8	3986.9	3748.5	3227.9
AT1G77680.1	4060.9	5570.8	3730.6	2999.1	3585.0	3802.0
AT1G77680.1	14172.0	20146.0	15063.0	12941.0	11611.0	12244.0
AT1G77760.1	5369.4	4840.9	5268.0	9702.8	13535.0	9442.2
AT1G78650.1	3702.6	1646.1	1618.8	1619.6	539.87	932.27
AT1G78650.1	11356.0	10898.0	9373.5	6539.5	5826.1	5008.5
AT1G78880.1	30091.0	34115.0	31088.0	31136.0	24195.0	22857.0
AT1G78880.1	8596.8	8748.5	7689.2	9273.9	7183.8	5282.8
AT1G78880.1	57187.0	41920.0	33636.0	42475.0	34724.0	50967.0
AT1G78880.1	28020.0	27621.0	28321.0	24508.0	15305.0	13321.0
AT1G79350.1	8936.7	7367.5	6463.1	6288.9	4811.8	4557.2
AT1G79530.1	12442.0	13480.0	13330.0	12357.0	9831.4	11010.0
AT1G80350.1	104340.0	88848.0	90366.0	82517.0	69408.0	67532.0
AT1G80840.1	62086.0	57641.0	48286.0	26713.0	18320.0	15442.0
AT1G80930.1	33150.0	37471.0	40190.0	37459.0	25202.0	26088.0
AT1G80930.1	330.76	1322.2	825.87	1124.9	1516.6	721.12
AT1G80930.1	46259.0	50721.0	49941.0	44252.0	32956.0	34936.0
AT1G80930.1	73313.0	66172.0	65823.0	64645.0	46726.0	46120.0
AT1G80930.1	174320.0	172130.0	167970.0	143570.0	108100.0	112800.0
AT1G80930.1	3953.4	6836.5	5759.4	2932.3	3212.6	3812.9
AT2G01980.1	11056.0	6740.0	6721.4	7326.7	7387.3	8320.1
AT2G03150.1	0.0	0.0	0.0	0.0	0.0	0.0
AT2G03150.1	0.0	0.0	0.0	0.0	0.0	0.0
AT2G03150.1	5908.8	9543.5	11908.0	5356.7	6324.5	6070.9
AT2G03150.1	14780.0	23718.0	28153.0	12679.0	15769.0	15991.0
AT2G03150.1	8076.4	8103.3	7722.4	6156.8	4831.9	5036.0
AT2G03150.1	1549.8	2090.4	3092.9	1918.0	1889.5	1856.8
AT2G03890.1	13811.0	12130.0	9369.3	11474.0	8659.3	12757.0
AT2G05710.1	0.0	0.0	0.0	0.0	0.0	0.0
AT2G05940.1	4044.2	5639.9	5936.5	4911.1	4104.6	3631.2
AT2G13540.1	9521.8	8411.0	8204.0	3025.7	4254.5	3734.6
AT2G17870.1	0.0	0.0	0.0	0.0	0.0	0.0
AT2G17980.1	0.0	0.0	0.0	0.0	0.0	0.0
AT2G17980.1	15700.0	16236.0	17523.0	17219.0	13730.0	9101.8
AT2G18040.1	0.0	0.0	0.0	0.0	0.0	0.0
AT2G18730.1	0.0	0.0	0.0	0.0	0.0	0.0
AT2G18960.1	6430.6	5441.2	5188.6	6109.6	5361.7	5962.1
AT2G19330.1	2918.3	2962.3	3192.8	4336.9	8471.1	21447.0
AT2G19520.1	12575.0	9714.1	9448.5	7279.5	6159.3	5671.4
AT2G19520.1	0.0	0.0	0.0	0.0	0.0	0.0
AT2G19520.1	12170.0	24855.0	18368.0	12275.0	8306.4	8618.1
AT2G19520.1	10006.0	20836.0	16160.0	10441.0	6716.7	7949.2
AT2G19710.1	3118.5	2271.7	3732.7	3845.3	2410.0	2895.7
AT2G19710.1	0.0	0.0	0.0	0.0	0.0	0.0
AT2G19730.3	0.0	0.0	0.0	0.0	0.0	0.0
AT2G20190.1	0.0	0.0	0.0	0.0	0.0	0.0
AT2G20190.1	0.0	0.0	0.0	0.0	0.0	0.0
AT2G20190.1	2568.9	1966.6	2606.0	3035.8	2061.3	2057.2
AT2G20190.1	0.0	0.0	0.0	0.0	0.0	0.0
AT2G20190.1	0.0	0.0	0.0	0.0	0.0	0.0
AT2G20190.1	0.0	0.0	0.0	0.0	0.0	0.0
AT2G21060.1	1198.1	1192.6	1355.3	2006.2	1531.8	925.74
AT2G21660.1	32402.0	35283.0	38289.0	38045.0	23967.0	26833.0
AT2G21660.1	17193.0	6355.4	3106.4	3762.1	4544.1	6092.9
AT2G21660.1	3296.6	3921.6	3009.5	3032.2	1919.3	2167.0
AT2G22840.1	4071.7	3242.8	3304.5	1838.0	757.22	1413.3
AT2G24050.1	9038.8	7147.6	5577.7	3600.5	3419.4	5550.1
AT2G24370.1	4222.1	5232.0	6739.7	18775.0	36813.0	22938.0
AT2G24550.1	6709.2	6746.4	6790.9	7044.2	6795.0	5650.7
AT2G24550.1	6709.2	6746.4	6790.9	7044.2	6795.0	5650.7
AT2G24590.1	129070.0	115620.0	114160.0	111160.0	79084.0	88419.0
AT2G24590.1	129070.0	115620.0	114160.0	111160.0	79084.0	88419.0
AT2G24590.1	5435.3	6008.3	2375.1	1698.2	2412.1	3213.4
AT2G24640.1	1799.2	1238.7	1221.9	1151.3	839.53	749.69
AT2G25480.1	10030.0	7138.7	6292.5	4469.3	5839.6	7622.7
AT2G26490.1	3722.6	3555.0	3311.8	5962.5	15509.0	15032.0
AT2G26910.1	12000.0	10842.0	11492.0	11878.0	8935.3	7999.6
AT2G27040.2	2910.9	2889.7	2723.2	1393.4	964.94	1448.8
AT2G27100.1	65125.0	64758.0	69643.0	56180.0	43141.0	47490.0
AT2G27100.1	33849.0	32029.0	29429.0	25024.0	21800.0	21571.0
AT2G27100.1	33849.0	32029.0	29429.0	25024.0	21800.0	21571.0
AT2G27100.1	0.0	0.0	0.0	0.0	0.0	0.0
AT2G27100.1	16470.0	19869.0	18368.0	13276.0	11403.0	12776.0
AT2G27100.1	104720.0	97926.0	91412.0	77497.0	63678.0	72496.0
AT2G27140.1	23252.0	29635.0	30782.0	33129.0	37374.0	41152.0
AT2G27600.1	2981.3	2809.1	2522.0	2962.8	3033.0	2463.6
AT2G27830.1	1620.0	1372.6	1657.2	5305.4	10056.0	9968.8
AT2G28390.1	8871.7	12857.0	16112.0	16892.0	13428.0	13011.0
AT2G29125.1	7126.9	6012.6	6625.4	5233.6	3676.5	3400.1
AT2G29210.1	51403.0	46341.0	42683.0	42268.0	31818.0	32016.0
AT2G29210.1	88709.0	91547.0	87076.0	86418.0	61185.0	67504.0
AT2G29210.1	3001.3	2002.0	1532.6	2994.8	1715.5	2950.4
AT2G29210.1	3016.1	6587.5	5352.8	3228.3	3489.0	3425.3
AT2G29210.1	9418.9	9517.2	9712.7	8324.6	6951.7	7735.1
AT2G29210.1	9418.9	9517.2	9712.7	8324.6	6951.7	7735.1
AT2G29210.1	145700.0	135710.0	130970.0	123200.0	89580.0	96812.0
AT2G29210.1	47855.0	45846.0	45503.0	40330.0	30035.0	31570.0
AT2G29210.1	37689.0	31841.0	31908.0	28799.0	23517.0	21817.0
AT2G29210.1	33366.0	30949.0	31157.0	28567.0	20544.0	23490.0
AT2G29210.1	33366.0	30949.0	31157.0	28567.0	20544.0	23490.0
AT2G29210.1	2681.4	3717.6	3381.1	3994.2	2802.6	2913.2
AT2G29210.1	6911.3	10119.0	10698.0	9485.1	6672.9	7412.2
AT2G29210.1	9236.2	8676.7	9582.7	7381.2	6849.0	6794.1
AT2G29210.1	13117.0	14311.0	13821.0	11997.0	9233.2	10905.0
AT2G29210.1	13117.0	14311.0	13821.0	11997.0	9233.2	10905.0
AT2G29210.1	0.0	0.0	0.0	0.0	0.0	0.0
AT2G29210.1	2829.0	7092.9	4370.2	4297.2	3771.2	3610.1
AT2G29210.1	2829.0	7092.9	4370.2	4297.2	3771.2	3610.1
AT2G29210.1	79418.0	69852.0	67025.0	63593.0	45598.0	50068.0
AT2G29210.1	23025.0	17039.0	15472.0	11984.0	11317.0	11814.0
AT2G31820.1	6833.8	5587.5	6767.1	6824.6	6398.9	6878.5
AT2G32730.1	70749.0	67993.0	68907.0	45883.0	44731.0	44433.0
AT2G32910.1	7263.1	6860.4	6811.3	6220.5	4440.0	4566.4
AT2G32910.1	5735.8	7075.5	7366.8	6990.1	4303.9	4903.8
AT2G32980.1	8164.9	7074.8	5891.8	4761.5	4095.3	3830.7
AT2G33435.1	33626.0	30456.0	27687.0	24695.0	18940.0	20134.0
AT2G33435.1	29073.0	27444.0	27158.0	24588.0	15845.0	18305.0
AT2G33730.1	3572.2	2439.4	3147.4	3988.4	2843.0	2549.6
AT2G33990.1	8775.3	6126.6	6169.5	4075.3	4379.8	5082.8
AT2G33990.1	18436.0	14779.0	13855.0	8838.4	8382.4	10672.0
AT2G34680.1	29759.0	17258.0	13870.0	11546.0	7302.8	10664.0
AT2G34680.1	17410.0	16006.0	14802.0	12805.0	9831.9	10041.0
AT2G35630.1	18549.0	15385.0	15444.0	11973.0	8968.8	6375.7
AT2G36350.1	0.0	0.0	0.0	0.0	0.0	0.0
AT2G36350.1	0.0	0.0	0.0	0.0	0.0	0.0
AT2G36350.1	7606.2	6958.4	6610.8	4145.7	2609.3	2819.2
AT2G36380.1	5745.1	6415.7	6117.9	6798.0	4921.7	4412.7
AT2G36490.1	0.0	0.0	0.0	0.0	0.0	0.0
AT2G36910.1	6155.6	4662.7	4225.4	4540.0	4063.3	4146.6
AT2G36910.1	6155.6	4662.7	4225.4	4540.0	4063.3	4146.6
AT2G36910.1	17340.0	14710.0	16292.0	14882.0	9022.4	7276.7
AT2G37050.3	4118.6	4406.1	5201.2	4477.9	3096.5	3128.5
AT2G37050.3	19206.0	18381.0	19638.0	18734.0	10269.0	8830.5
AT2G37270.2	4425.9	3119.1	3264.3	2146.7	1724.4	2375.1
AT2G37600.2	31299.0	29411.0	20855.0	6700.1	12151.0	12208.0
AT2G38280.2	6699.7	9166.4	9290.7	11547.0	8552.9	7305.2
AT2G38410.1	0.0	0.0	0.0	0.0	0.0	0.0
AT2G38410.1	5316.1	4935.6	4247.5	3547.8	2666.3	3210.8
AT2G38410.1	0.0	0.0	0.0	0.0	0.0	0.0
AT2G38410.1	0.0	0.0	0.0	0.0	0.0	0.0
AT2G38410.1	67275.0	55679.0	51187.0	46022.0	31682.0	51343.0
AT2G38440.1	8125.7	10479.0	9963.1	7877.0	7379.7	7366.6
AT2G38440.1	1865.2	2054.0	2194.2	2091.0	1510.6	2088.3
AT2G39810.1	0.0	0.0	0.0	0.0	0.0	0.0
AT2G39810.1	0.0	0.0	0.0	0.0	0.0	0.0
AT2G40000.1	19979.0	21588.0	13759.0	7329.0	8561.9	8787.2
AT2G40110.1	1164.7	1404.8	2258.5	1594.4	1132.2	1439.5
AT2G41140.1	22453.0	20840.0	19387.0	17741.0	16447.0	17813.0
AT2G41140.1	6879.1	6851.9	6403.0	4471.2	3466.2	3354.4
AT2G41410.1	4066.8	5369.4	5512.0	4049.6	4126.6	6582.0
AT2G41620.1	4227.3	5004.3	4886.9	3354.8	3352.4	3018.5
AT2G41840.1	5384.1	5625.5	6436.9	6984.4	4771.5	5525.7
AT2G42580.1	0.0	0.0	0.0	0.0	0.0	0.0
AT3G58680.1	8130.2	9119.2	6652.9	3655.9	4635.0	4498.9
AT2G42780.1	6569.8	5119.0	3834.6	3513.6	3049.9	4088.9
AT2G43900.1	7742.8	7719.1	8610.2	15887.0	17458.0	15047.0
AT2G44160.1	1621.1	1551.1	1710.6	1870.2	1522.2	1440.1
AT2G44200.1	7208.8	5032.7	4531.4	3474.1	2443.8	2841.9
AT2G45140.1	9186.3	9118.5	10583.0	11620.0	8621.6	8374.8
AT2G45140.1	8759.7	8609.8	8121.6	7405.2	7131.8	6638.4
AT2G45140.1	16769.0	19060.0	22043.0	24824.0	18988.0	18977.0
AT2G45310.1	5582.0	6477.1	6870.7	5468.3	3238.0	4583.0
AT2G45310.1	3964.7	4644.1	4636.7	2791.2	1881.4	2660.6
AT2G45790.1	0.0	0.0	0.0	0.0	0.0	0.0
AT2G46180.1	0.0	0.0	0.0	0.0	0.0	0.0
AT2G46250.1	9527.2	9179.1	8472.1	7522.3	6037.6	5792.2
AT2G46250.1	4207.5	4424.2	4800.3	4485.6	3065.4	3715.0
AT2G46610.1	7660.8	20762.0	17191.0	3877.2	5090.2	5487.8
AT2G47790.1	8215.0	5663.6	5595.1	5414.7	4231.4	4691.1
AT2G47970.1	0.0	0.0	0.0	0.0	0.0	0.0
AT2G47980.1	2502.0	3545.6	4138.6	1814.5	2491.1	2249.2
AT2G48160.1	3125.5	2082.9	2539.8	2558.7	2188.6	1652.3
AT3G01670.1	4186.6	5288.7	5553.6	6668.4	5917.3	4173.8
AT3G02220.1	11771.0	12453.0	13393.0	10955.0	6698.0	8428.4
AT3G02880.1	0.0	0.0	0.0	0.0	0.0	0.0
AT3G02880.1	0.0	0.0	0.0	0.0	0.0	0.0
AT3G03050.1	6155.3	4223.7	3322.7	3728.7	2658.7	4191.1
AT3G03940.1	4489.8	7248.6	8698.3	7359.5	4465.9	4436.2
AT3G04740.1	3054.4	3202.8	3458.2	2647.3	1764.2	1247.7
AT3G04740.1	7640.1	6910.6	6391.1	4794.8	3486.0	3539.2
AT3G04840.1	863.55	1222.5	1128.1	262.5	784.35	544.47
AT5G27150.1	39211.0	37503.0	36934.0	36460.0	31672.0	28353.0
AT3G05070.1	15266.0	13491.0	12901.0	6506.7	7856.6	8640.4
AT3G05420.2	0.0	0.0	0.0	0.0	0.0	0.0
AT3G05420.2	9855.7	8073.4	7886.8	8148.2	6518.7	6639.3
AT3G05420.2	17772.0	13649.0	11236.0	10804.0	9809.9	10514.0
AT3G05420.2	26648.0	26580.0	25045.0	29320.0	22627.0	21686.0
AT3G05420.2	4366.7	3572.0	4499.5	4628.3	3594.7	3473.5
AT3G05420.2	5174.3	5105.0	4494.5	5255.7	4042.5	4117.3
AT3G05420.2	5474.7	4706.8	4746.2	4710.1	3361.1	3639.5
AT3G05900.1	8294.5	8598.8	10329.0	7874.8	9444.7	9024.4
AT3G06010.1	18394.0	13735.0	15548.0	10546.0	5845.7	3633.7
AT3G06480.1	0.0	0.0	0.0	0.0	0.0	0.0
AT3G06480.1	1847.6	2737.6	3325.2	1991.9	1572.3	1647.4
AT3G06480.1	4191.1	4249.8	6403.3	5089.1	3098.3	3143.3
AT3G06910.1	0.0	0.0	0.0	0.0	0.0	0.0
AT3G06910.1	0.0	0.0	0.0	0.0	0.0	0.0
AT3G07420.1	3979.4	5225.3	6955.4	6675.7	5583.4	5546.4
AT3G07660.1	23838.0	20333.0	19834.0	23910.0	19731.0	19456.0
AT3G07660.1	10081.0	8868.4	8043.5	7835.4	5952.3	5370.0
AT3G07660.1	4351.8	5603.5	7087.7	6924.1	8123.6	11215.0
AT3G07660.1	1840.8	3413.8	5669.9	6478.9	4372.6	4556.3
AT3G07790.1	3971.1	6245.2	5379.1	3703.2	3604.4	3409.3
AT3G07880.1	2337.4	3058.4	2266.2	2115.5	2063.2	1528.1
AT3G08020.1	8013.2	10195.0	9469.6	6485.7	4479.9	5100.0
AT3G08850.1	20341.0	19766.0	20520.0	22662.0	15994.0	16545.0
AT3G09070.1	3062.9	2367.1	2711.3	2446.1	2879.9	2269.9
AT3G09670.2	5503.2	5202.3	5002.5	3295.3	2188.8	2063.8
AT3G09670.2	0.0	0.0	0.0	0.0	0.0	0.0
AT3G09670.2	0.0	0.0	0.0	0.0	0.0	0.0
AT3G09840.1	2047.0	2292.9	2306.5	2127.1	2240.2	1962.5
AT3G10380.1	6561.1	6323.2	7004.6	7898.3	6570.9	7182.2
AT3G10540.1	18851.0	17398.0	17398.0	19890.0	17716.0	20041.0
AT5G04510.1	8757.9	8071.3	9202.6	11393.0	11480.0	9737.2
AT3G10540.1	16358.0	13179.0	11807.0	12700.0	14350.0	14403.0
AT5G04870.1	3356.3	8754.8	7325.6	4627.9	5791.2	6391.7
AT5G04870.1	0.0	0.0	0.0	0.0	0.0	0.0
AT3G10730.1	4683.8	5429.9	7109.3	6925.2	3936.9	3623.3
AT3G10730.1	5684.7	5718.3	7237.8	5349.4	3869.8	4020.3
AT3G11540.1	42567.0	30690.0	27087.0	24820.0	21678.0	21071.0
AT3G11820.1	990.56	3628.3	2811.7	2107.6	1476.2	841.21
AT3G12100.1	0.0	0.0	0.0	0.0	0.0	0.0
AT3G12100.1	25427.0	24372.0	23687.0	23312.0	21347.0	21815.0
AT3G12480.1	0.0	0.0	0.0	0.0	0.0	0.0
AT3G12480.1	0.0	0.0	0.0	0.0	0.0	0.0
AT3G13224.2	10752.0	9640.4	12242.0	12502.0	8297.3	7506.9
AT3G13290.1	7447.4	6753.8	6148.9	5070.4	5510.2	5894.7
AT3G13290.1	2833.6	2803.2	2246.9	2344.8	1655.4	1587.5
AT3G13290.1	2833.6	2803.2	2246.9	2344.8	1655.4	1587.5
AT3G13290.1	9006.0	7954.4	5702.6	6313.1	4439.5	4911.6
AT3G13290.1	0.0	0.0	0.0	0.0	0.0	0.0
AT3G13290.1	0.0	0.0	0.0	0.0	0.0	0.0
AT3G13570.1	223580.0	318820.0	351270.0	211510.0	205320.0	214220.0
AT3G13570.1	49939.0	53018.0	53799.0	53773.0	37402.0	40425.0
AT3G13570.1	16836.0	46231.0	45787.0	46161.0	24522.0	28445.0
AT3G13570.1	16836.0	46231.0	45787.0	46161.0	24522.0	28445.0
AT3G13570.1	2562.9	3514.7	2419.8	1952.5	2277.6	2011.4
AT3G13670.1	2579.4	2457.9	2595.1	2136.4	2115.3	2335.1
AT3G13960.1	0.0	0.0	0.0	0.0	0.0	0.0
AT3G14090.1	7382.2	5547.9	4778.0	4260.9	3230.5	4072.4
AT3G14100.1	75261.0	99075.0	94080.0	59790.0	60741.0	63813.0
AT3G14910.1	4925.2	5801.3	6232.3	5192.5	4370.5	3642.4
AT3G15450.1	10154.0	9479.8	8912.7	6848.9	6149.3	8855.7
AT3G16620.1	8444.8	7116.0	5572.7	5824.4	4631.7	5811.4
AT3G16830.1	10603.0	10491.0	8940.6	8837.2	7251.9	7342.3
AT3G16830.1	14934.0	15378.0	16443.0	14234.0	12395.0	13828.0
AT3G16830.1	0.0	0.0	0.0	0.0	0.0	0.0
AT3G17750.1	6754.6	4759.1	6158.6	6059.1	4643.7	3508.5
AT3G17880.1	19418.0	26121.0	30271.0	17030.0	15006.0	16687.0
AT3G18230.1	29463.0	26755.0	24578.0	24423.0	15629.0	18334.0
AT3G18260.1	7063.0	9365.3	10194.0	12586.0	12411.0	14525.0
AT3G18630.1	33164.0	29180.0	27201.0	20580.0	14176.0	13854.0
AT3G18690.1	14956.0	12989.0	11001.0	6605.1	6189.8	6374.0
AT3G18990.1	4655.4	3971.4	4891.9	4112.1	3731.2	2969.0
AT3G19100.1	3380.5	2917.8	2535.9	2280.1	2756.8	2637.8
AT3G19100.1	0.0	0.0	0.0	0.0	0.0	0.0
AT3G19100.1	2361.7	3052.4	2566.3	2276.8	2978.5	2772.0
AT3G19540.1	6507.3	4536.4	4349.9	4901.7	3957.5	4353.3
AT3G19770.1	15718.0	17065.0	16205.0	14905.0	15132.0	12221.0
AT3G19770.1	2488.5	7584.5	4424.6	2602.5	3283.0	4157.2
AT3G19840.1	26905.0	30944.0	27407.0	21109.0	18189.0	19365.0
AT3G19950.1	2683.9	1515.9	2342.0	2196.2	2407.3	3230.7
AT3G20550.1	37672.0	35238.0	32357.0	31413.0	24751.0	23593.0
AT3G21670.1	12751.0	20539.0	29314.0	39785.0	41635.0	37737.0
AT3G23130.1	4634.0	4952.9	5421.9	7265.0	6461.2	7235.8
AT3G23920.1	6304.6	5665.8	6308.3	5941.3	4637.4	4578.6
AT3G23920.1	6304.6	5665.8	6308.3	5941.3	4637.4	4578.6
AT3G25070.1	75659.0	74328.0	72441.0	60177.0	58281.0	59418.0
AT3G25070.1	3380.7	3219.2	4261.8	2294.0	3209.4	2315.6
AT3G25840.1	3752.0	3523.4	4168.8	2567.7	2233.6	3272.5
AT3G25840.1	6161.6	8628.8	7844.4	6669.2	4542.9	5292.2
AT3G26090.1	0.0	0.0	0.0	0.0	0.0	0.0
AT3G26400.1	10986.0	14598.0	13685.0	10552.0	19223.0	17656.0
AT3G26560.1	245820.0	210770.0	200230.0	164900.0	130370.0	134520.0
AT3G26980.1	2670.5	2563.4	2341.8	1689.6	1575.3	1617.1
AT3G27080.1	0.0	0.0	0.0	0.0	0.0	0.0
AT3G27190.1	33191.0	47550.0	29199.0	12035.0	7843.0	8847.5
AT3G27190.1	1569.6	1649.0	1709.5	1380.3	374.0	647.26
AT3G28030.1	0.0	0.0	0.0	0.0	0.0	0.0
AT3G28050.1	5799.2	5606.6	5719.5	7608.2	8147.3	9236.1
AT3G28860.1	33625.0	26947.0	29333.0	31848.0	35234.0	36686.0
AT3G28860.1	19098.0	23322.0	21603.0	14654.0	19632.0	20345.0
AT3G28860.1	5207.1	3254.2	4266.3	4474.8	3936.6	3824.5
AT3G28860.1	39582.0	31534.0	31543.0	40757.0	37561.0	40566.0
AT3G29075.1	159830.0	189180.0	207840.0	254610.0	221410.0	189800.0
AT3G42660.1	3412.3	2954.7	2438.9	1748.1	1493.7	1734.1
AT3G42660.1	3412.3	2954.7	2438.9	1748.1	1493.7	1734.1
AT3G45780.2	6668.9	6295.8	6652.7	7435.7	8049.2	9416.3
AT3G45780.2	3719.2	3858.9	3688.9	2901.5	2652.2	2502.2
AT3G45780.2	2210.2	1836.2	1263.3	1404.2	1256.9	2647.1
AT3G45830.1	8807.8	7813.7	8818.6	8114.8	6094.7	6997.0
AT3G46440.2	25549.0	33964.0	40741.0	38391.0	67925.0	131550.0
AT3G46440.2	16859.0	19308.0	20998.0	27875.0	37558.0	47047.0
AT3G46440.2	9350.8	10949.0	12207.0	11089.0	24427.0	54481.0
AT3G46510.1	0.0	0.0	0.0	0.0	0.0	0.0
AT3G48425.1	20108.0	21099.0	16727.0	5627.9	10539.0	10566.0
AT3G48430.1	10221.0	10324.0	10924.0	9438.3	5535.3	5834.1
AT3G48430.1	13128.0	12437.0	13378.0	10862.0	6742.8	7649.2
AT3G48430.1	5148.8	5668.4	5570.4	3737.2	3379.9	3347.4
AT3G48530.1	716.46	3141.7	2220.6	1623.9	1791.5	1383.4
AT3G48680.1	6414.9	5480.8	4588.5	4490.7	3667.1	3994.6
AT3G48710.1	11298.0	13095.0	13163.0	14196.0	9343.3	8274.6
AT3G48710.1	5331.4	6994.8	5611.1	5283.3	3289.0	4229.8
AT3G48860.2	16454.0	13295.0	12440.0	12319.0	16535.0	23989.0
AT3G48860.2	2767.6	4714.1	3294.5	1659.5	2972.1	2846.8
AT3G48860.2	11874.0	15313.0	16794.0	11323.0	14238.0	14075.0
AT3G48860.2	5437.8	4585.8	3818.3	2618.4	5414.5	4326.5
AT3G48890.1	771.02	1330.2	885.01	1073.6	1168.5	424.28
AT3G48930.1	8267.4	7039.4	8489.5	7413.1	4560.3	5436.0
AT3G49250.1	3815.1	6388.0	4349.4	3408.6	2261.2	2184.7
AT3G49250.1	7461.6	6437.8	5065.1	3610.0	3241.6	3198.2
AT3G49250.1	14588.0	11843.0	10359.0	7112.4	6728.8	6263.1
AT3G50670.1	1598.9	651.74	769.5	240.91	244.15	359.66
AT3G50670.1	12879.0	17253.0	16385.0	10404.0	10535.0	12079.0
AT3G50670.1	12268.0	14169.0	13154.0	10251.0	8978.2	9404.8
AT3G51120.1	19110.0	14952.0	13472.0	12017.0	9229.9	9174.6
AT3G51160.1	12809.0	18187.0	23239.0	31454.0	20911.0	20609.0
AT3G51550.1	3613.1	3348.5	3575.0	2447.5	1561.6	2034.1
AT3G52930.1	12558.0	8310.8	6519.5	8494.1	7501.5	15795.0
AT3G53390.1	14676.0	9012.7	9950.6	10460.0	8265.4	14195.0
AT3G55000.1	2858.0	1677.2	1835.0	1248.5	1224.4	1137.5
AT3G55270.1	13004.0	10074.0	8444.0	6702.0	5241.3	6870.8
AT3G55270.1	7486.6	7806.2	5687.1	3323.3	3215.0	4769.3
AT3G55270.1	7290.8	7171.5	7482.8	5306.3	4453.9	6407.7
AT3G55460.1	134560.0	151560.0	178970.0	142980.0	98982.0	103840.0
AT3G55460.1	19445.0	19133.0	20943.0	19664.0	13124.0	14565.0
AT3G55460.1	16715.0	15650.0	18210.0	17315.0	12188.0	12683.0
AT3G55460.1	102120.0	92221.0	84146.0	78293.0	63744.0	65558.0
AT3G55460.1	89392.0	77867.0	72661.0	70917.0	56787.0	56693.0
AT3G55460.1	0.0	0.0	0.0	0.0	0.0	0.0
AT3G55460.1	54094.0	72317.0	71283.0	61242.0	45998.0	46481.0
AT3G55460.1	49002.0	63798.0	63931.0	56673.0	41844.0	40916.0
AT3G55460.1	42046.0	58426.0	61959.0	52342.0	41150.0	41126.0
AT3G55460.1	42046.0	58426.0	61959.0	52342.0	41150.0	41126.0
AT3G55980.1	0.0	0.0	0.0	0.0	0.0	0.0
AT3G55980.1	16970.0	13122.0	12233.0	9232.7	7397.1	7510.0
AT3G56150.2	6900.0	7140.5	6205.8	3843.4	2330.8	5074.9
AT3G56690.1	21344.0	15463.0	14700.0	11682.0	8254.1	9539.4
AT3G56760.1	0.0	0.0	0.0	0.0	0.0	0.0
AT3G56850.1	6186.8	4944.5	4315.1	3063.1	3778.4	2956.2
AT3G56850.1	14228.0	12161.0	13393.0	12685.0	16019.0	9494.1
AT3G56990.1	4115.8	3051.5	2937.5	2603.3	1672.0	2442.8
AT3G57150.1	37643.0	32879.0	37123.0	33607.0	20890.0	24592.0
AT3G57150.1	1945.1	2291.6	2576.0	2501.0	1290.0	1887.9
AT3G57150.1	0.0	0.0	0.0	0.0	0.0	0.0
AT3G57150.1	4232.5	3668.7	4257.3	2402.1	2643.9	2195.4
AT3G58570.1	2996.5	2007.8	1244.3	1486.2	1052.9	997.8
AT3G58690.1	0.0	0.0	0.0	0.0	0.0	0.0
AT3G58690.1	10843.0	9496.9	8416.4	6674.6	4297.7	6742.7
AT3G58730.1	29088.0	23375.0	22340.0	17505.0	17287.0	27128.0
AT3G59550.1	11753.0	10925.0	11048.0	7982.7	6557.7	6182.1
AT3G60190.1	2039.5	1336.2	1908.1	1348.0	1399.5	1367.9
AT3G60320.1	3959.1	4869.4	6119.1	4915.3	4009.7	4451.4
AT3G60600.1	2615.1	3134.7	3313.1	3848.7	2783.3	2555.8
AT4G00100.1	0.0	0.0	0.0	0.0	0.0	0.0
AT4G00100.1	27748.0	22609.0	24674.0	18356.0	19418.0	17996.0
AT3G61050.2	0.0	0.0	0.0	0.0	0.0	0.0
AT3G61050.2	0.0	0.0	0.0	0.0	0.0	0.0
AT3G61050.2	0.0	0.0	0.0	0.0	0.0	0.0
AT3G61110.1	22462.0	25885.0	18325.0	8564.8	12428.0	14121.0
AT3G61130.1	14463.0	17138.0	16253.0	13477.0	12252.0	17618.0
AT3G61480.1	0.0	0.0	0.0	0.0	0.0	0.0
AT3G61480.1	7101.4	6630.2	5155.7	4763.9	3700.0	4485.9
AT3G61860.1	0.0	0.0	0.0	0.0	0.0	0.0
AT3G61860.1	60049.0	69715.0	71515.0	32786.0	42957.0	44364.0
AT3G61860.1	47301.0	42148.0	43341.0	32202.0	26587.0	29835.0
AT3G61860.1	47301.0	42148.0	43341.0	32202.0	26587.0	29835.0
AT3G61860.1	6913.0	6214.7	5300.4	2660.7	4442.0	4004.7
AT3G61860.1	6913.0	6214.7	5300.4	2660.7	4442.0	4004.7
AT3G63000.1	22543.0	18697.0	16740.0	13976.0	12797.0	16575.0
AT3G63070.1	38502.0	35368.0	30071.0	28342.0	29415.0	24739.0
AT3G63070.1	9771.1	9886.2	9112.2	9174.1	8585.9	7997.8
AT3G63130.2	6107.5	5761.2	5676.4	5240.3	4644.4	4204.9
AT4G00238.1	5306.7	4914.6	4899.5	3951.0	3173.4	4013.0
AT4G00238.1	19497.0	27391.0	29552.0	17785.0	13967.0	16077.0
AT4G00238.1	0.0	0.0	0.0	0.0	0.0	0.0
AT4G00238.1	5053.7	3134.9	4459.6	4361.9	2156.7	2645.6
AT4G00752.1	0.0	0.0	0.0	0.0	0.0	0.0
AT4G00752.1	8299.0	8193.0	5577.4	4463.0	3155.7	3677.9
AT4G02020.1	0.0	0.0	0.0	0.0	0.0	0.0
AT4G03250.1	10619.0	12317.0	10171.0	8227.9	5812.2	6055.2
AT4G03550.1	84235.0	51741.0	46952.0	33706.0	27095.0	38523.0
AT4G04210.1	1796.2	1368.0	1662.5	1564.9	2175.3	2188.3
AT4G04210.1	32781.0	27738.0	29978.0	29165.0	18969.0	30707.0
AT4G04340.3	7120.1	6917.6	7078.2	5250.0	5737.8	4462.9
AT4G04340.3	4436.5	6003.7	7684.0	5470.5	5080.6	3286.9
AT4G04700.1	8279.2	7173.9	6728.0	3625.6	2988.4	4098.6
AT4G05220.1	0.0	0.0	0.0	0.0	0.0	0.0
AT4G06634.1	10390.0	14002.0	18116.0	14825.0	9160.5	9676.8
AT4G08350.1	0.0	0.0	0.0	0.0	0.0	0.0
AT4G08350.1	20963.0	20058.0	18382.0	16132.0	12581.0	13869.0
AT4G08350.1	3460.8	3547.4	4173.3	4261.1	2690.2	3279.2
AT4G10380.1	0.0	0.0	0.0	0.0	0.0	0.0
AT4G10760.1	25565.0	22341.0	23011.0	19949.0	13958.0	15475.0
AT4G11680.1	3504.7	3243.4	2922.6	3152.6	3290.0	2645.1
AT4G11740.1	12529.0	13479.0	14202.0	13723.0	11649.0	11496.0
AT4G11740.1	13200.0	14096.0	13079.0	13814.0	10507.0	11660.0
AT4G11740.1	7600.6	9440.4	8623.4	9594.6	8200.1	7440.8
AT4G11740.1	33269.0	35629.0	34303.0	34429.0	29358.0	30069.0
AT4G11740.1	0.0	0.0	0.0	0.0	0.0	0.0
AT4G11740.1	957.11	1001.6	930.08	1304.1	1426.5	1144.0
AT4G13350.2	72263.0	79732.0	84754.0	88761.0	68471.0	65080.0
AT4G13350.2	46257.0	54439.0	68676.0	62625.0	58497.0	56437.0
AT4G13350.2	4160.8	4299.1	3923.0	4716.6	3713.0	3492.7
AT4G13350.2	41011.0	43708.0	43512.0	43416.0	39810.0	37762.0
AT4G13350.2	33973.0	37387.0	42636.0	45503.0	31691.0	30707.0
AT4G13350.2	14465.0	12535.0	10021.0	11265.0	10698.0	11065.0
AT4G14230.1	0.0	0.0	0.0	0.0	0.0	0.0
AT4G15410.1	6585.0	7659.5	6888.2	8026.9	5396.1	5687.7
AT4G15545.1	1851.7	1948.4	1989.5	2628.1	2780.9	2350.6
AT4G15545.1	4386.0	7464.8	8943.9	9088.9	7868.4	6637.1
AT4G15545.1	13979.0	24381.0	27153.0	19353.0	20794.0	20793.0
AT4G15802.1	0.0	0.0	0.0	0.0	0.0	0.0
AT4G15802.1	0.0	0.0	0.0	0.0	0.0	0.0
AT4G15802.1	51386.0	98605.0	84080.0	17197.0	42785.0	46808.0
AT4G16280.2	2876.4	2288.0	3015.5	2554.3	1629.5	2148.4
AT4G16720.1	6475.1	4859.6	4876.7	4306.1	4104.2	4456.7
AT4G17720.1	38459.0	58141.0	52059.0	26348.0	31954.0	43882.0
AT4G17720.1	15317.0	21732.0	16211.0	9733.8	10160.0	12992.0
AT4G17720.1	5409.9	5626.1	5203.1	3139.0	3170.1	3048.7
AT4G17720.1	36158.0	34481.0	28166.0	18005.0	24171.0	26204.0
AT4G18820.1	7294.4	6557.5	3300.6	1562.6	2662.2	2832.5
AT4G18820.1	4801.5	3793.0	3218.9	3507.9	2443.1	2292.4
AT4G18820.1	11000.0	9991.9	8553.3	8511.5	6817.5	6622.4
AT4G19190.1	38366.0	43424.0	40595.0	37545.0	27151.0	27342.0
AT4G20330.1	0.0	0.0	0.0	0.0	0.0	0.0
AT4G20400.1	14878.0	14723.0	16681.0	12417.0	9017.1	10038.0
AT4G20780.1	1437.3	1461.8	1257.9	3089.6	3666.6	5045.0
AT4G20940.1	0.0	0.0	0.0	0.0	0.0	0.0
AT4G20940.1	0.0	0.0	0.0	0.0	0.0	0.0
AT4G20940.1	0.0	0.0	0.0	0.0	0.0	0.0
AT4G20940.1	24023.0	22228.0	21990.0	18427.0	12450.0	10408.0
AT4G20940.1	31298.0	27913.0	27489.0	19550.0	17101.0	14195.0
AT4G21670.1	3829.3	4437.8	3536.1	2584.9	3136.5	3847.0
AT4G21670.1	3829.3	4437.8	3536.1	2584.9	3136.5	3847.0
AT4G21670.1	4211.9	3467.0	3136.4	2807.1	1626.6	902.26
AT4G23040.1	4403.0	4371.0	6794.9	6023.8	3891.6	2719.7
AT4G23040.1	22726.0	24442.0	25069.0	24887.0	19431.0	19063.0
AT4G23650.1	364.56	1061.0	967.99	203.69	223.64	889.57
AT4G24270.2	5245.2	5300.0	4802.9	5097.7	4512.2	4721.6
AT4G24620.1	10447.0	9667.5	10680.0	10663.0	9752.7	10077.0
AT4G25210.1	5524.7	4913.4	4660.2	3451.8	3272.7	3455.0
AT4G25500.4	28980.0	25692.0	26632.0	23261.0	17597.0	19316.0
AT4G25500.4	18109.0	16327.0	16682.0	16600.0	13662.0	14232.0
AT4G25500.4	37722.0	36602.0	38353.0	36035.0	26537.0	27914.0
AT4G25500.4	43338.0	41186.0	40514.0	41121.0	29143.0	32168.0
AT4G25500.4	2501.5	2147.5	2059.3	1814.0	1221.6	1599.0
AT4G25500.4	2501.5	2147.5	2059.3	1814.0	1221.6	1599.0
AT4G25730.1	9073.4	10018.0	13585.0	9588.3	6201.5	7981.5
AT4G25970.1	5436.2	5028.4	6727.9	6389.6	5525.7	4899.7
AT4G25970.1	4882.4	4403.8	2955.6	3145.2	2312.6	2229.5
AT4G26455.1	0.0	0.0	0.0	0.0	0.0	0.0
AT4G26630.2	47344.0	63529.0	76090.0	51736.0	40040.0	52194.0
AT4G26630.2	7135.8	6936.4	7131.8	6983.0	4680.6	4791.5
AT4G26630.2	13667.0	12079.0	10638.0	9672.0	9492.0	10691.0
AT4G26760.1	0.0	0.0	0.0	0.0	0.0	0.0
AT4G26760.1	1697.4	7305.4	6326.8	2630.6	2264.3	2003.4
AT4G26760.1	7181.0	7638.2	6566.3	4012.7	4097.2	3944.9
AT4G26770.1	0.0	0.0	0.0	0.0	0.0	0.0
AT4G26770.1	0.0	0.0	0.0	0.0	0.0	0.0
AT4G27060.1	73860.0	54920.0	52835.0	44021.0	34062.0	31539.0
AT4G27060.1	0.0	0.0	0.0	0.0	0.0	0.0
AT4G27060.1	18415.0	9264.4	8292.2	7517.1	4240.9	7447.1
AT4G27320.1	0.0	155.3	0.0	0.0	0.0	0.0
AT4G27450.1	0.0	0.0	0.0	0.0	0.0	0.0
AT4G28080.1	31607.0	41168.0	48901.0	35664.0	19981.0	17836.0
AT4G28080.1	7530.7	9525.9	10012.0	9060.1	5656.2	5783.3
AT4G28080.1	38435.0	52225.0	60857.0	37224.0	17373.0	24514.0
AT4G28080.1	29934.0	34512.0	43138.0	32869.0	20297.0	22147.0
AT4G28080.1	32028.0	36947.0	42610.0	31483.0	17413.0	17233.0
AT4G28080.1	5366.9	6172.8	5811.9	4811.2	2945.8	3065.0
AT4G28610.1	18547.0	17277.0	17093.0	15237.0	12377.0	11894.0
AT4G29220.1	5222.8	4462.5	4979.2	4579.4	4264.4	4273.2
AT4G30480.2	10069.0	9330.3	13217.0	16495.0	10544.0	10478.0
AT4G30480.2	0.0	0.0	0.0	0.0	0.0	0.0
AT4G30480.2	0.0	0.0	0.0	0.0	0.0	0.0
AT4G30890.3	0.0	0.0	0.0	0.0	0.0	0.0
AT4G31160.1	0.0	0.0	0.0	0.0	0.0	0.0
AT4G31160.1	9233.2	6953.1	6429.7	4260.0	3440.3	4118.1
AT4G31160.1	8363.1	6809.9	6704.4	6722.9	5182.9	5752.7
AT4G31700.1	6997.4	6258.9	6364.6	5090.0	4650.6	5892.0
AT4G31700.1	38710.0	38730.0	42822.0	29987.0	30803.0	37439.0
AT4G31700.1	17694.0	14051.0	15770.0	11533.0	12635.0	13453.0
AT4G31880.1	33361.0	30006.0	27149.0	22205.0	19842.0	19042.0
AT4G31880.1	22511.0	21813.0	28886.0	32095.0	23601.0	17699.0
AT4G31880.1	0.0	0.0	0.0	0.0	0.0	0.0
AT4G31880.1	25145.0	24665.0	25798.0	18996.0	14088.0	15828.0
AT4G32180.1	7853.3	8394.4	8961.9	8470.6	6725.5	5460.6
AT4G32180.1	14689.0	14254.0	15040.0	14309.0	13647.0	8622.3
AT4G33060.1	0.0	0.0	0.0	0.0	0.0	0.0
AT4G33200.1	20745.0	17362.0	13675.0	9917.3	8796.2	8918.1
AT4G33400.1	84087.0	70088.0	66833.0	57232.0	42485.0	42798.0
AT4G33650.2	0.0	0.0	0.0	0.0	0.0	0.0
AT4G34450.1	0.0	0.0	0.0	0.0	0.0	0.0
AT4G35230.1	6095.9	5828.2	6482.3	9002.5	6929.1	5963.9
AT4G35420.1	0.0	0.0	0.0	0.0	0.0	0.0
AT4G35420.1	8240.8	16647.0	7992.3	3459.6	2253.1	2790.1
AT4G35890.1	1465.1	1740.0	1536.7	1519.3	994.54	1523.5
AT4G35890.1	1326.6	1291.6	1115.6	763.8	601.01	828.44
AT4G35890.1	0.0	0.0	0.0	0.0	0.0	0.0
AT4G35890.1	0.0	0.0	0.0	0.0	0.0	0.0
AT4G37740.1	6081.8	4991.4	4055.3	2194.7	2354.4	2083.2
AT4G38630.1	4990.3	5230.9	4957.9	4740.6	3617.5	4310.4
AT4G38630.1	20415.0	19022.0	20229.0	22257.0	16420.0	16742.0
AT4G38970.1	0.0	0.0	0.0	0.0	0.0	0.0
AT4G40020.1	0.0	0.0	0.0	0.0	0.0	0.0
AT4G40020.1	730.24	1730.2	1055.1	2031.2	4226.7	2976.1
AT5G01400.1	10054.0	9235.9	9806.1	7439.1	5611.0	6193.1
AT5G01400.1	0.0	0.0	0.0	0.0	0.0	0.0
AT5G02850.1	13030.0	11794.0	10478.0	10104.0	8883.7	7832.9
AT5G03280.1	0.0	0.0	0.0	0.0	0.0	0.0
AT5G03280.1	22262.0	18268.0	15948.0	13190.0	8537.5	12437.0
AT5G03280.1	0.0	0.0	0.0	0.0	0.0	0.0
AT5G03280.1	0.0	0.0	0.0	0.0	0.0	0.0
AT5G04510.1	8326.1	9138.5	10094.0	9902.0	7393.4	7595.4
AT5G04510.1	0.0	0.0	0.0	0.0	0.0	0.0
AT5G04510.1	0.0	0.0	0.0	0.0	0.0	0.0
AT5G04870.1	0.0	0.0	0.0	0.0	0.0	0.0
AT5G04930.1	3156.2	2509.0	3332.8	4418.5	5139.8	4276.9
AT5G04990.1	31018.0	30414.0	30422.0	36783.0	29182.0	27676.0
AT5G05170.1	4131.7	3680.6	4185.2	4801.2	2898.4	3448.6
AT5G05170.1	24392.0	21311.0	25719.0	32616.0	29003.0	23227.0
AT5G06140.1	36760.0	40280.0	34501.0	18411.0	22747.0	23501.0
AT5G06460.1	35869.0	27544.0	31956.0	10898.0	6408.3	9617.0
AT5G06460.1	7643.9	7179.0	6869.6	4603.8	3313.6	4304.9
AT5G06660.1	28499.0	9791.0	4417.3	1425.9	3515.1	6257.2
AT5G06910.1	21660.0	18000.0	15274.0	7877.8	8604.0	8404.2
AT5G07530.1	264.1	629.38	3839.8	22694.0	11856.0	6635.4
AT5G07530.1	1236.6	1073.9	20285.0	134670.0	11150.0	4550.3
AT5G07530.1	976.28	1546.9	16757.0	173530.0	66103.0	27061.0
AT5G07530.1	1663.7	2464.9	42410.0	309040.0	146210.0	62050.0
AT5G07530.1	185.23	385.55	2456.7	19189.0	9672.9	3401.7
AT5G07530.1	937.76	871.2	25301.0	158910.0	60209.0	26278.0
AT5G07530.1	799.15	379.31	5744.2	99323.0	72889.0	30501.0
AT5G08050.1	3348.8	6016.7	5930.5	5509.7	5381.2	4558.2
AT5G08390.1	11249.0	10318.0	8370.0	6841.9	6793.3	6837.5
AT5G10270.1	43220.0	41361.0	41247.0	29712.0	25797.0	29079.0
AT5G10360.1	56097.0	56005.0	59350.0	46240.0	46536.0	48504.0
AT5G10360.1	43392.0	41037.0	41515.0	33565.0	35988.0	36267.0
AT5G10810.1	0.0	0.0	0.0	0.0	0.0	0.0
AT5G11040.1	3198.3	5958.5	4947.6	4530.0	4967.3	8454.0
AT5G11040.1	7571.7	19152.0	22457.0	21269.0	18000.0	16632.0
AT5G11110.1	3361.5	3976.7	2733.8	4661.7	4833.2	3428.8
AT5G11260.1	25328.0	20968.0	20229.0	24015.0	22885.0	21405.0
AT5G11260.1	0.0	0.0	0.0	0.0	0.0	0.0
AT5G11260.1	0.0	0.0	0.0	0.0	0.0	0.0
AT5G11260.1	0.0	0.0	0.0	0.0	0.0	0.0
AT5G11450.1	4477.8	3878.8	3464.5	3621.6	2938.3	2769.2
AT5G11980.1	9728.6	7669.5	5796.7	4293.2	6626.4	8313.1
AT5G12180.1	0.0	0.0	0.0	0.0	0.0	0.0
AT5G12350.1	5061.4	6235.7	5999.9	5653.9	4793.7	4570.1
AT5G12350.1	4563.4	5743.8	4413.1	3334.9	3910.6	3856.4
AT5G12350.1	0.0	0.0	0.0	0.0	0.0	0.0
AT5G12350.1	0.0	0.0	0.0	0.0	0.0	0.0
AT5G12350.1	3608.9	4190.7	4584.3	5756.3	3750.0	2961.7
AT5G12400.1	13162.0	16084.0	13198.0	12495.0	8618.7	7883.5
AT5G12900.1	1813.9	2460.7	2675.0	2758.7	1697.0	1568.0
AT5G12900.1	5971.5	5297.6	5360.9	4674.5	3326.0	6514.9
AT5G13000.1	7224.2	4238.1	3019.2	2031.3	1412.1	2223.0
AT5G13010.1	1058.0	1229.7	1240.0	750.17	695.24	581.79
AT5G13010.1	9916.6	23645.0	13278.0	6133.9	5263.9	5552.8
AT5G13020.1	3831.0	3251.0	2511.7	2204.2	1699.1	1967.8
AT5G13020.1	5411.3	5148.5	4281.1	3400.3	3104.9	2483.4
AT5G15680.1	0.0	0.0	0.0	0.0	0.0	0.0
AT5G16210.1	3834.8	4596.0	4303.2	5473.4	7040.5	9604.1
AT5G16260.1	1353.4	1457.4	1370.3	1081.0	970.64	854.25
AT5G16270.1	3548.7	4465.4	5363.0	4670.3	3180.3	3591.1
AT5G17980.1	6399.8	6110.7	4735.1	6043.2	4079.0	4081.0
AT5G18070.1	3874.2	3903.4	4085.6	4972.9	4060.6	4167.2
AT5G19010.1	8696.4	8174.3	9092.6	7282.6	7203.1	7465.0
AT5G19360.1	1768.7	1254.7	1515.0	4899.8	14229.0	11910.0
AT5G19390.2	0.0	0.0	0.0	0.0	0.0	0.0
AT5G20170.1	28159.0	24253.0	23176.0	17383.0	11233.0	9298.3
AT5G20280.1	0.0	0.0	0.0	0.0	0.0	0.0
AT5G20280.1	4029.4	4896.9	4507.7	5676.3	5068.5	5243.5
AT5G20290.1	0.0	0.0	0.0	0.0	0.0	0.0
AT5G20350.1	10370.0	9182.5	7259.0	6042.6	6069.7	6396.2
AT5G20635.1	13094.0	14870.0	17235.0	14375.0	10602.0	9388.6
AT5G20890.1	18866.0	13216.0	11261.0	7178.0	8563.0	9460.2
AT5G21010.1	12499.0	14763.0	13248.0	8919.5	7879.3	8160.5
AT5G21940.1	3540.8	3682.6	2852.8	2934.6	1319.9	1256.6
AT5G22650.1	31279.0	39803.0	37736.0	19094.0	17868.0	17983.0
AT5G23080.1	4274.0	4096.5	3466.0	4308.2	2571.7	2457.5
AT5G23720.1	12623.0	10843.0	12492.0	15196.0	17366.0	11859.0
AT5G23910.1	12196.0	7150.9	6358.2	5584.6	3525.0	4416.4
AT5G24430.1	31711.0	27774.0	29332.0	25845.0	22622.0	23050.0
AT5G24890.1	0.0	0.0	0.0	0.0	0.0	0.0
AT5G24890.1	20687.0	18937.0	18630.0	18902.0	14769.0	11045.0
AT5G25270.1	17973.0	20180.0	18674.0	19190.0	15094.0	14571.0
AT5G25780.1	18543.0	15304.0	16647.0	17240.0	12953.0	14450.0
AT5G25780.1	5374.2	4824.8	4378.9	5930.7	4801.3	4950.7
AT5G26860.1	68962.0	52786.0	57109.0	62494.0	51270.0	49502.0
AT5G27000.1	1959.5	1738.9	1237.3	1742.9	2212.3	4481.1
AT5G27000.1	0.0	0.0	0.0	0.0	0.0	0.0
AT5G27000.1	1324.1	1419.9	1545.9	4477.3	9408.3	7758.2
AT5G27630.1	18545.0	13776.0	10243.0	8261.2	8381.9	9830.5
AT5G27630.1	0.0	0.0	0.0	0.0	0.0	0.0
AT5G35430.1	21316.0	17401.0	14375.0	12745.0	9440.7	11801.0
AT5G35670.1	1317.5	1277.9	1763.0	1753.6	1069.8	1134.2
AT5G35910.1	8298.4	8812.1	9980.0	7476.9	4578.6	5868.2
AT5G36880.2	29495.0	26590.0	27771.0	37982.0	48951.0	34721.0
AT5G36880.2	13468.0	14498.0	13895.0	22122.0	31457.0	22310.0
AT5G38640.1	9273.1	9186.9	9338.1	6574.9	4870.9	4793.5
AT5G38640.1	83432.0	77487.0	65674.0	69605.0	48383.0	63251.0
AT5G38640.1	7497.2	6864.4	6158.0	5269.6	4686.7	5469.2
AT5G40480.1	2449.2	2843.8	3112.0	2599.0	2018.3	1654.2
AT5G41970.1	0.0	0.0	0.0	0.0	0.0	0.0
AT5G41970.1	6594.0	7220.4	5077.2	6154.0	4589.0	5443.1
AT5G42570.1	6574.0	4840.9	4644.0	2675.1	2839.3	3653.2
AT5G42820.2	201.43	779.31	2347.2	3054.3	3730.3	1843.8
AT5G42920.2	15347.0	12997.0	12834.0	10773.0	8964.0	9754.5
AT5G42950.1	8605.4	6319.1	5609.6	5530.1	3696.0	4769.4
AT5G42950.1	26060.0	22850.0	20956.0	21373.0	19691.0	21329.0
AT5G42950.1	46609.0	43139.0	42307.0	40254.0	29860.0	35702.0
AT5G42950.1	3766.7	2917.9	2356.1	3307.6	3052.2	4040.5
AT5G42950.1	0.0	0.0	0.0	0.0	0.0	0.0
AT5G42950.1	5232.4	3513.8	3710.6	4066.2	3221.8	5360.1
AT5G43070.1	3683.6	6331.8	6588.7	4001.4	3750.1	4470.6
AT5G44090.1	8641.4	7737.4	5726.1	3684.1	4587.4	3850.0
AT5G44090.1	12867.0	10405.0	10391.0	5991.5	5544.3	6635.1
AT5G44800.1	2905.2	2378.2	3118.5	2702.4	2203.6	2227.3
AT5G45400.1	12988.0	11727.0	9790.3	7606.9	6289.0	6412.2
AT5G46070.1	2055.6	2064.3	1849.8	1311.0	1033.9	1603.2
AT5G46070.1	53860.0	33180.0	22388.0	12348.0	12720.0	13485.0
AT5G46210.1	4494.5	5030.4	4917.0	3604.6	3094.9	4173.4
AT5G46750.1	0.0	0.0	0.0	0.0	0.0	0.0
AT5G46750.1	82070.0	82523.0	78542.0	60877.0	51194.0	60166.0
AT5G46750.1	4499.5	3090.8	2856.3	3641.9	3317.6	3360.1
AT5G46750.1	9578.5	7478.1	6406.9	6561.8	5145.3	6284.2
AT5G47010.1	0.0	0.0	0.0	0.0	0.0	0.0
AT5G47010.1	0.0	0.0	0.0	0.0	0.0	0.0
AT5G47010.1	0.0	0.0	0.0	0.0	0.0	0.0
AT5G47010.1	0.0	0.0	0.0	0.0	0.0	0.0
AT5G47480.1	0.0	0.0	0.0	0.0	0.0	0.0
AT5G47480.1	29557.0	25217.0	26225.0	27979.0	26472.0	23119.0
AT5G47480.1	28295.0	24957.0	24842.0	24811.0	24221.0	19200.0
AT5G47480.1	12693.0	11591.0	13106.0	11985.0	11509.0	8976.7
AT5G47480.1	36885.0	34934.0	38266.0	34945.0	30111.0	22455.0
AT5G47820.2	4613.0	6137.1	5888.0	5068.6	5548.9	4313.0
AT5G47910.1	0.0	0.0	0.0	0.0	0.0	0.0
AT5G47910.1	7007.5	7575.7	8293.5	9315.2	7082.4	6439.2
AT5G47910.1	2452.3	3391.1	3722.4	4382.4	2731.2	2849.7
AT5G47910.1	42255.0	35117.0	33913.0	27678.0	18252.0	22409.0
AT5G47930.1	8137.2	8593.5	6810.6	4235.3	3937.4	5215.2
AT5G48650.1	73487.0	56632.0	40539.0	34340.0	28670.0	30844.0
AT5G48760.2	5709.1	8760.3	7133.9	2659.7	4849.9	4519.3
AT5G49390.1	724.5	2580.6	2388.2	658.34	677.61	463.96
AT5G49890.1	7608.1	7783.3	9745.8	13889.0	17563.0	13749.0
AT5G49890.1	36939.0	38922.0	49313.0	63022.0	75898.0	77349.0
AT5G52310.1	5492.6	5522.3	6712.9	9325.4	6203.2	5625.9
AT5G52430.1	30476.0	21261.0	19399.0	22084.0	23299.0	22165.0
AT5G52640.1	14374.0	25683.0	23717.0	11553.0	8709.1	7265.0
AT5G53060.1	7549.8	5368.2	4707.4	2469.9	2187.1	2541.0
AT5G53060.1	7549.8	5368.2	4707.4	2469.9	2187.1	2541.0
AT5G53330.1	0.0	0.0	0.0	0.0	0.0	0.0
AT5G54310.1	24263.0	24789.0	21385.0	19812.0	22970.0	22860.0
AT5G55310.1	6691.5	7949.6	7502.9	7036.5	5000.1	5237.0
AT5G55660.1	28588.0	18751.0	14944.0	11539.0	9546.3	9957.4
AT5G56110.1	11748.0	25397.0	3848.7	3963.1	3509.2	3169.4
AT5G56210.1	2969.5	2779.0	2859.0	3249.2	2251.2	2976.0
AT5G56360.1	3235.8	3292.1	3991.9	3392.1	2952.5	2775.9
AT5G57610.1	4156.4	3470.3	3621.4	4393.3	3360.6	3435.9
AT5G57610.1	11230.0	9595.4	10576.0	10698.0	8494.5	7903.1
AT5G57610.1	3720.4	4479.4	4459.8	4779.7	4845.5	4546.5
AT5G57610.1	21720.0	21242.0	22571.0	20147.0	16958.0	13758.0
AT5G57870.1	6284.0	4830.6	3429.9	3002.8	1862.7	3624.3
AT5G58430.1	8221.3	9040.9	10519.0	5788.1	5573.0	6815.8
AT5G58440.1	8460.0	6638.0	6383.1	4459.1	4116.3	4383.4
AT5G58440.1	0.0	0.0	0.0	0.0	0.0	0.0
AT5G58730.1	1682.9	794.16	1682.0	1683.8	2695.3	2503.9
AT5G58880.1	1955.6	1999.8	1812.9	3389.2	13551.0	16556.0
AT5G62190.1	23393.0	18635.0	24923.0	20711.0	12933.0	16976.0
AT5G62390.1	0.0	0.0	0.0	0.0	0.0	0.0
AT5G62810.1	32433.0	34310.0	35819.0	38817.0	32476.0	31052.0
AT5G63190.2	3061.2	2853.5	3151.8	2376.4	1747.4	2310.5
AT5G63420.1	6242.5	6042.5	3866.0	4438.2	3346.9	3893.9
AT5G63860.1	12756.0	12023.0	10859.0	11173.0	10748.0	10060.0
AT5G64070.1	4607.0	3622.9	3872.1	4883.6	4261.6	4155.3
AT5G64200.2	27234.0	21223.0	15586.0	12017.0	12925.0	14163.0
AT5G64200.2	16531.0	12762.0	8265.8	7170.9	7751.8	7153.7
AT5G64200.2	43765.0	33984.0	23852.0	19188.0	20677.0	21316.0
AT5G64270.1	5647.0	3633.7	2585.7	1899.9	1565.6	2737.7
AT5G64330.1	10470.0	10009.0	9039.6	11215.0	10582.0	9802.1
AT5G64330.1	3359.2	3500.2	3898.5	5281.6	6126.4	5239.9
AT5G64330.1	0.0	0.0	0.0	0.0	0.0	0.0
AT5G64330.1	0.0	0.0	0.0	0.0	0.0	0.0
AT5G65950.1	0.0	0.0	0.0	0.0	0.0	0.0
AT5G65950.1	0.0	0.0	0.0	0.0	0.0	0.0
AT5G66850.1	1921.8	1140.0	1720.1	1692.0	1050.7	1422.7
AT5G66850.1	4649.7	4202.4	3482.7	3232.5	2965.2	2960.2
AT5G66850.1	9059.0	6870.2	7107.8	6150.1	5864.3	5490.4
AT5G67280.1	13533.0	12958.0	12318.0	10714.0	8331.2	9145.5
AT5G67530.1	9096.1	7056.5	4876.5	5958.7	3007.5	3988.7
AT5G67590.1	0.0	0.0	0.0	0.0	0.0	0.0
AT1G50010.1	187690.0	133460.0	118890.0	138410.0	156980.0	111630.0
AT1G07110.1	0.0	0.0	0.0	0.0	0.0	0.0
AT1G09770.1	16793.0	16529.0	16139.0	11273.0	10658.0	11234.0
AT1G09770.1	4331.9	5220.3	4086.9	2587.4	3573.9	3550.8
AT1G12530.1	24088.0	23163.0	24676.0	13892.0	13875.0	14510.0
AT1G13020.1	0.0	0.0	0.0	0.0	0.0	0.0
AT1G15290.1	5926.2	4298.7	4576.4	3740.8	2988.9	4048.4
AT1G15340.1	72547.0	78148.0	74725.0	49969.0	43406.0	26144.0
AT1G15340.1	8779.9	8654.3	8492.9	6370.0	4713.1	2927.1
AT1G16860.1	12667.0	10774.0	10791.0	15579.0	10705.0	13876.0
AT1G17210.1	5934.2	5882.6	6089.2	5699.5	4706.8	4283.2
AT1G18040.1	1959.2	1533.4	1635.1	1159.6	1077.8	1179.1
AT1G18950.1	0.0	0.0	0.0	0.0	0.0	0.0
AT1G19870.1	4753.3	3835.5	3469.7	2732.4	2898.8	3702.3
AT1G20970.1	2690.6	2740.8	2144.1	1121.8	1295.5	1603.2
AT1G25580.1	1616.8	1394.7	1844.0	1024.5	673.05	1002.9
AT1G27100.1	0.0	0.0	0.0	0.0	0.0	0.0
AT1G31730.1	0.0	0.0	0.0	0.0	0.0	0.0
AT1G32750.1	3308.5	3776.4	3701.4	2431.9	1588.9	2163.4
AT1G35580.2	19836.0	23026.0	18097.0	12943.0	9040.9	8913.5
AT1G35580.2	103050.0	97918.0	83094.0	66271.0	44465.0	56017.0
AT1G37130.1	9147.4	11952.0	16583.0	11292.0	6305.1	4541.3
AT1G42470.1	14722.0	13844.0	13664.0	15301.0	11139.0	9713.5
AT1G42550.1	2375.6	3882.5	3584.0	3387.2	2260.8	2934.9
AT1G42550.1	21210.0	21190.0	20401.0	23209.0	14361.0	21420.0
AT3G56850.1	0.0	0.0	0.0	0.0	0.0	0.0
AT1G47490.1	5116.0	4692.2	3713.4	2617.1	2506.5	3572.5
AT1G47490.1	0.0	0.0	0.0	0.0	0.0	0.0
AT1G47490.1	0.0	0.0	0.0	0.0	0.0	0.0
AT1G48920.1	0.0	0.0	0.0	0.0	0.0	0.0
AT1G49580.1	8379.9	6632.2	5452.8	4563.1	3816.6	4743.9
AT1G49710.1	0.0	0.0	0.0	0.0	0.0	0.0
AT1G51500.1	2358.7	2583.0	2177.2	3386.6	3092.3	2413.6
AT1G54270.1	60659.0	62639.0	56234.0	47370.0	41610.0	32741.0
AT1G54450.1	5575.0	4218.0	3928.9	16399.0	14384.0	10977.0
AT1G56340.1	2150.5	2771.6	2011.8	1940.1	1853.2	1945.8
AT1G59610.1	0.0	0.0	0.0	0.0	0.0	0.0
AT1G59820.1	2592.6	2199.5	1545.1	1933.3	1347.1	1647.0
AT2G21390.1	5511.7	6515.8	5491.8	6085.7	6130.1	5136.8
AT1G64370.1	5092.0	4409.4	5357.3	7076.5	7311.5	9692.2
AT1G66670.1	6772.1	6890.1	7880.2	7724.7	7893.0	7998.8
AT1G67230.1	58943.0	29780.0	17767.0	12600.0	11537.0	18604.0
AT1G72730.1	33193.0	29402.0	33726.0	28420.0	25903.0	14625.0
AT1G80930.1	10977.0	10381.0	8457.0	6393.8	5952.5	6698.5
AT2G01910.1	3956.7	4344.5	3180.9	4218.5	3209.4	3104.8
AT2G06990.1	0.0	0.0	0.0	0.0	0.0	0.0
AT2G06990.1	4114.6	4653.6	4117.7	3493.0	2145.8	3176.2
AT2G13610.1	6904.7	6155.0	5042.9	4571.7	2953.2	3503.7
AT2G16440.1	13479.0	11036.0	11708.0	8161.6	5854.7	6574.5
AT2G16440.1	4366.1	4276.2	4027.0	4073.0	2536.8	4203.3
AT2G18960.1	60465.0	69451.0	61818.0	76459.0	100440.0	117320.0
AT2G18960.1	11904.0	12486.0	14711.0	17788.0	18177.0	17624.0
AT4G26230.1	759.84	1939.6	1240.6	525.91	571.8	536.57
AT2G26430.1	10378.0	11797.0	13200.0	12271.0	10778.0	11092.0
AT2G26430.1	10378.0	11797.0	13200.0	12271.0	10778.0	11092.0
AT2G26460.1	15890.0	12380.0	11094.0	9183.0	6734.6	7286.4
AT2G26490.1	4517.1	4052.4	3665.3	7411.6	29143.0	25808.0
AT2G27100.1	0.0	0.0	0.0	0.0	0.0	0.0
AT2G29070.2	3323.6	3082.5	3084.2	2860.0	2425.2	3617.8
AT2G29210.1	3016.1	6587.5	5352.8	3228.3	3489.0	3425.3
AT2G29210.1	9236.2	8676.7	9582.7	7381.2	6849.0	6794.1
AT2G32980.1	13465.0	12113.0	10136.0	7108.0	6516.6	7745.3
AT2G32980.1	0.0	0.0	0.0	0.0	0.0	0.0
AT2G36380.1	6520.9	3556.0	1792.8	1562.1	2772.5	2765.8
AT3G52930.1	6624.7	7126.0	6208.8	6711.0	5466.2	4874.4
AT2G36490.1	5690.7	5295.4	4344.9	4576.2	3746.6	3531.7
AT2G37050.3	3990.2	3869.0	3501.1	3323.4	1630.0	2181.6
AT2G38310.1	0.0	0.0	0.0	0.0	0.0	0.0
AT2G38440.1	6954.3	6272.5	6467.3	5600.9	4620.0	4201.6
AT2G39730.1	1504.7	3361.8	3513.5	4956.4	5545.0	4007.1
AT2G43970.1	0.0	0.0	0.0	0.0	0.0	0.0
AT2G45790.1	0.0	0.0	0.0	0.0	0.0	0.0
AT2G47400.1	0.0	0.0	0.0	0.0	0.0	0.0
AT3G05060.1	6366.9	4521.1	4431.1	4110.6	3525.8	3442.7
AT3G05420.2	0.0	0.0	0.0	0.0	0.0	0.0
AT3G07790.1	4189.0	3704.7	3412.9	2203.0	1565.2	2598.2
AT3G08020.1	8320.8	7785.7	9256.3	6763.1	4797.3	4783.5
AT3G08530.1	7730.9	7249.7	6644.7	5597.7	6485.4	6612.9
AT3G08940.2	40941.0	68845.0	81971.0	51612.0	59099.0	41863.0
AT3G08940.2	0.0	0.0	0.0	0.0	0.0	0.0
AT3G08940.2	0.0	0.0	0.0	0.0	0.0	0.0
AT3G09740.1	11845.0	9852.5	10620.0	6591.3	9957.9	8104.9
AT3G10380.1	6948.5	9091.8	8582.0	5831.2	6218.0	7811.4
AT3G10380.1	32932.0	22885.0	16648.0	13188.0	10174.0	16783.0
AT3G10380.1	0.0	0.0	0.0	0.0	0.0	0.0
AT3G10680.1	3685.5	3733.5	4367.6	5672.7	6126.4	8017.7
AT3G10730.1	5483.2	4629.9	5698.1	6032.8	4710.1	4351.5
AT3G11130.1	3973.7	4089.2	3813.9	4582.5	4009.8	3909.7
AT3G11450.1	8891.6	8713.8	8491.4	8166.4	6241.9	7729.7
AT3G12710.1	14081.0	14656.0	17066.0	21308.0	18505.0	20656.0
AT3G13570.1	53776.0	58756.0	59302.0	58351.0	40457.0	44393.0
AT3G14790.1	2143.6	961.98	1386.2	943.25	2518.6	5258.1
AT3G16830.1	85622.0	84935.0	85280.0	88180.0	79344.0	78248.0
AT3G18990.1	9768.2	9017.3	10576.0	5790.0	5393.3	6166.0
AT3G18990.1	7163.1	6642.3	5871.6	3928.3	3293.2	3788.5
AT3G19100.1	0.0	0.0	0.0	0.0	0.0	0.0
AT3G19100.1	2361.7	3052.4	2566.3	2276.8	2978.5	2772.0
AT3G22180.1	2866.3	2537.2	2533.7	2174.2	2828.5	3172.2
AT3G26400.1	0.0	0.0	0.0	0.0	0.0	0.0
AT3G26560.1	6807.2	3851.7	2833.3	2452.6	1533.3	2465.2
AT3G28860.1	7816.5	5143.2	6105.2	4592.6	6876.0	7402.8
AT3G28860.1	22593.0	18603.0	18045.0	23077.0	21661.0	23352.0
AT3G44820.1	741.92	591.36	830.27	577.59	252.45	549.61
AT3G46440.2	3777.2	7886.1	10845.0	10662.0	14896.0	23819.0
AT3G46780.1	15362.0	34021.0	44708.0	60614.0	39739.0	30886.0
AT3G47070.1	956.21	13135.0	9653.0	4772.1	5494.9	2976.7
AT3G47070.1	956.21	13135.0	9653.0	4772.1	5494.9	2976.7
AT3G48430.1	8867.8	8278.1	6636.6	5589.2	2947.2	3879.0
AT3G48430.1	3554.0	4042.3	3381.5	2417.5	2666.5	1536.7
AT3G48890.1	89025.0	105180.0	106260.0	101890.0	84888.0	82473.0
AT3G49250.1	3198.8	6462.6	5066.3	3403.4	2134.9	2764.9
AT3G51160.1	0.0	0.0	0.0	0.0	0.0	0.0
AT3G55270.1	25589.0	21711.0	18121.0	16006.0	11905.0	16234.0
AT3G57220.1	1559.8	4085.7	3964.6	5015.9	6575.0	4296.7
AT3G57610.1	12930.0	11000.0	12410.0	12931.0	13205.0	12737.0
AT3G61050.2	4315.6	4183.1	4195.2	4940.2	3106.5	4203.3
AT4G00238.1	0.0	0.0	0.0	0.0	0.0	0.0
AT4G00238.1	5063.8	4409.0	3567.3	3631.6	2141.0	2304.0
AT4G05220.1	0.0	0.0	0.0	0.0	0.0	0.0
AT4G08350.1	3799.7	4279.7	4024.2	3826.5	3352.7	3613.9
AT4G08350.1	0.0	0.0	0.0	0.0	0.0	0.0
AT4G08350.1	40319.0	36236.0	34333.0	26935.0	20464.0	22778.0
AT4G08350.1	0.0	0.0	0.0	0.0	0.0	0.0
AT4G11660.1	0.0	0.0	0.0	0.0	0.0	0.0
AT4G15802.1	275770.0	223130.0	202170.0	59613.0	133870.0	133270.0
AT4G15802.1	20854.0	37275.0	33438.0	7856.5	18232.0	19188.0
AT4G20940.1	39733.0	35479.0	33038.0	26465.0	17414.0	15442.0
AT4G24270.2	0.0	0.0	0.0	0.0	0.0	0.0
AT4G24400.1	4374.8	4736.4	4700.9	4987.5	4379.1	3485.8
AT4G26630.2	6757.2	5029.4	5427.5	4130.9	4181.7	3299.0
AT4G26630.2	3796.5	5205.1	5280.1	5419.8	2849.0	4606.8
AT4G26770.1	3054.8	1582.8	1206.0	907.54	4620.3	11646.0
AT4G26870.1	6456.6	6820.1	6794.5	5490.2	4683.8	5215.1
AT4G27060.1	0.0	0.0	0.0	0.0	0.0	0.0
AT4G28080.1	13286.0	14358.0	14396.0	10686.0	7203.2	5001.3
AT4G31700.1	31173.0	32835.0	36297.0	26665.0	27333.0	28187.0
AT4G31880.1	122790.0	130480.0	131670.0	119150.0	89516.0	89102.0
AT4G31880.1	0.0	0.0	0.0	0.0	0.0	0.0
AT4G36750.1	10462.0	10979.0	10444.0	9504.4	8211.7	9324.7
AT4G36750.1	0.0	0.0	0.0	0.0	0.0	0.0
AT4G36750.1	0.0	0.0	0.0	0.0	0.0	0.0
AT4G36750.1	0.0	0.0	0.0	0.0	0.0	0.0
AT4G37870.1	0.0	0.0	0.0	0.0	0.0	0.0
AT4G37870.1	0.0	0.0	0.0	0.0	0.0	0.0
AT5G01400.1	0.0	0.0	0.0	0.0	0.0	0.0
AT5G01530.1	54868.0	72025.0	81443.0	52255.0	46591.0	68991.0
AT5G01530.1	45654.0	55181.0	59847.0	37769.0	34135.0	55544.0
AT5G04600.1	0.0	0.0	0.0	0.0	0.0	0.0
AT5G04600.1	0.0	0.0	0.0	0.0	0.0	0.0
AT5G10270.1	331.26	612.89	244.36	319.67	325.24	270.28
AT5G13400.1	34702.0	33705.0	34506.0	26304.0	17731.0	17964.0
AT5G13760.1	4285.0	2970.8	2779.2	2293.8	2241.5	2114.7
AT5G15680.1	46123.0	37426.0	37166.0	36569.0	28857.0	36550.0
AT5G23060.1	33817.0	41560.0	45174.0	59098.0	43181.0	46517.0
AT5G26760.2	0.0	0.0	0.0	0.0	0.0	0.0
AT5G27000.1	3597.0	3084.9	2661.8	9864.1	15188.0	8666.1
AT5G27630.1	0.0	0.0	0.0	0.0	0.0	0.0
AT5G37830.1	13079.0	13810.0	11096.0	9341.2	11452.0	20331.0
AT5G40740.1	11295.0	10328.0	12422.0	8927.6	7344.1	7599.2
AT5G41970.1	0.0	0.0	0.0	0.0	0.0	0.0
AT5G44090.1	13260.0	10308.0	11088.0	8169.7	7899.0	10674.0
AT5G46070.1	0.0	0.0	0.0	0.0	0.0	0.0
AT5G60010.1	0.0	0.0	0.0	0.0	0.0	0.0
AT5G62440.1	0.0	0.0	0.0	0.0	0.0	0.0
AT5G64270.1	2683.4	2257.4	2995.6	1613.3	1667.5	2147.4
AT5G64270.1	14788.0	16076.0	14638.0	11312.0	10411.0	9387.0
AT5G64270.1	0.0	0.0	0.0	0.0	0.0	0.0
AT5G64270.1	26397.0	23822.0	23638.0	16996.0	18847.0	15812.0
AT5G65950.1	0.0	0.0	0.0	0.0	0.0	0.0
ATCG00490.1	1414.9	2306.4	3419.2	3846.7	2263.7	2564.0
ATCG00710.1	67418.0	172420.0	213100.0	110960.0	102220.0	98434.0
ATCG00710.1	80524.0	221460.0	267680.0	142380.0	128220.0	116470.0
AT1G26120.1	4372.7	6461.7	6428.8	7487.7	8237.7	7659.3
AT2G30980.1	32279.0	27322.0	26607.0	21709.0	18888.0	15727.0
AT3G25840.1	15604.0	13266.0	14062.0	12457.0	8634.0	9328.9
AT4G25500.4	0.0	0.0	0.0	0.0	0.0	0.0
AT4G32410.1	0.0	0.0	0.0	0.0	0.0	0.0
